Using launch settings from /home/juan/Projects/garamatic/ticket-masala/src/TicketMasala.Web/Properties/launchSettings.json...
Building...
info: TicketMasala.Web.Configuration.ConfigurationValidator[0]
      Configuration validation successful
info: Startup[0]
      Masala configuration validated successfully
[Tenancy] Plugin path not found or empty: 
Loading configuration from: /home/juan/Projects/garamatic/ticket-masala/src/TicketMasala.Web/../../config
Note: GERDA config not found at /home/juan/Projects/garamatic/ticket-masala/src/TicketMasala.Web/../../config/masala_config.json
Application will run with basic ticketing functionality
Loading configuration from: /home/juan/Projects/garamatic/ticket-masala/src/TicketMasala.Web/../../config
Note: GERDA config not found at /home/juan/Projects/garamatic/ticket-masala/src/TicketMasala.Web/../../config/masala_config.json
Application will run with basic ticketing functionality
info: Program[0]
      Checking if Masala database seeding is needed...
Using SQLite Provider with connection: Data Source=app.db
========== DATABASE SEEDING STARTED ==========
Applying pending database migrations...
info: TicketMasala.Web.Data.DbSeeder[0]
      ========== DATABASE SEEDING STARTED ==========
info: TicketMasala.Web.Data.DbSeeder[0]
      Applying pending database migrations...
info: Microsoft.EntityFrameworkCore.Migrations[20411]
      Acquiring an exclusive lock for migration application. See https://aka.ms/efcore-docs-migrations-lock for more information if this takes too long.
info: Microsoft.EntityFrameworkCore.Database.Command[20101]
      Executed DbCommand (5ms) [Parameters=[], CommandType='Text', CommandTimeout='30']
      SELECT COUNT(*) FROM "sqlite_master" WHERE "name" = '__EFMigrationsLock' AND "type" = 'table';
info: Microsoft.EntityFrameworkCore.Database.Command[20101]
      Executed DbCommand (10ms) [Parameters=[], CommandType='Text', CommandTimeout='30']
      INSERT OR IGNORE INTO "__EFMigrationsLock"("Id", "Timestamp") VALUES(1, '2026-01-20 18:57:27.8916303+00:00');
      SELECT changes();
info: Microsoft.EntityFrameworkCore.Database.Command[20101]
      Executed DbCommand (1ms) [Parameters=[], CommandType='Text', CommandTimeout='30']
      CREATE TABLE IF NOT EXISTS "__EFMigrationsHistory" (
          "MigrationId" TEXT NOT NULL CONSTRAINT "PK___EFMigrationsHistory" PRIMARY KEY,
          "ProductVersion" TEXT NOT NULL
      );
info: Microsoft.EntityFrameworkCore.Database.Command[20101]
      Executed DbCommand (0ms) [Parameters=[], CommandType='Text', CommandTimeout='30']
      SELECT COUNT(*) FROM "sqlite_master" WHERE "name" = '__EFMigrationsHistory' AND "type" = 'table';
info: Microsoft.EntityFrameworkCore.Database.Command[20101]
      Executed DbCommand (0ms) [Parameters=[], CommandType='Text', CommandTimeout='30']
      SELECT "MigrationId", "ProductVersion"
      FROM "__EFMigrationsHistory"
      ORDER BY "MigrationId";
info: Microsoft.EntityFrameworkCore.Migrations[20405]
      No migrations were applied. The database is already up to date.
info: Microsoft.EntityFrameworkCore.Database.Command[20101]
      Executed DbCommand (1ms) [Parameters=[], CommandType='Text', CommandTimeout='30']
      DELETE FROM "__EFMigrationsLock";
Migrations applied successfully.
info: Microsoft.EntityFrameworkCore.Database.Command[20101]
      Executed DbCommand (0ms) [Parameters=[], CommandType='Text', CommandTimeout='30']
      SELECT COUNT(*)
      FROM "AspNetUsers" AS "a"
info: Microsoft.EntityFrameworkCore.Database.Command[20101]
      Executed DbCommand (0ms) [Parameters=[], CommandType='Text', CommandTimeout='30']
      SELECT COUNT(*)
      FROM "KnowledgeBaseArticles" AS "k"
Current Database Status - Users: 0, KB Articles: 3
info: TicketMasala.Web.Data.DbSeeder[0]
      Current Database Status - Users: 0, KB Articles: 3
DEBUG: DbSeeder found 5 strategies registered.
DEBUG: Registered Strategy: RoleSeedStrategy
DEBUG: Registered Strategy: UserSeedStrategy
DEBUG: Registered Strategy: ProjectSeedStrategy
DEBUG: Registered Strategy: WorkItemSeedStrategy
DEBUG: Registered Strategy: KnowledgeBaseSeedStrategy
info: Microsoft.EntityFrameworkCore.Database.Command[20101]
      Executed DbCommand (2ms) [Parameters=[@normalizedName='?' (Size = 5)], CommandType='Text', CommandTimeout='30']
      SELECT "a"."Id", "a"."ConcurrencyStamp", "a"."Name", "a"."NormalizedName"
      FROM "AspNetRoles" AS "a"
      WHERE "a"."NormalizedName" = @normalizedName
      LIMIT 1
info: Microsoft.EntityFrameworkCore.Database.Command[20101]
      Executed DbCommand (0ms) [Parameters=[@normalizedName='?' (Size = 8)], CommandType='Text', CommandTimeout='30']
      SELECT "a"."Id", "a"."ConcurrencyStamp", "a"."Name", "a"."NormalizedName"
      FROM "AspNetRoles" AS "a"
      WHERE "a"."NormalizedName" = @normalizedName
      LIMIT 1
info: Microsoft.EntityFrameworkCore.Database.Command[20101]
      Executed DbCommand (0ms) [Parameters=[@normalizedName='?' (Size = 8)], CommandType='Text', CommandTimeout='30']
      SELECT "a"."Id", "a"."ConcurrencyStamp", "a"."Name", "a"."NormalizedName"
      FROM "AspNetRoles" AS "a"
      WHERE "a"."NormalizedName" = @normalizedName
      LIMIT 1
Skipping seed strategy (already seeded): RoleSeedStrategy
DEBUG: UserSeedStrategy.ShouldSeedAsync called
Executing seed strategy: UserSeedStrategy
info: TicketMasala.Web.Data.DbSeeder[0]
      Executing seed strategy: UserSeedStrategy
DEBUG: UserSeedStrategy.SeedAsync called!
info: TicketMasala.Web.Data.Seeding.UserSeedStrategy[0]
      Seeding users and employees...
Attempting to load seed data from: /home/juan/Projects/garamatic/ticket-masala/src/TicketMasala.Web/../../config/seed_data.json
info: TicketMasala.Web.Data.Seeding.UserSeedStrategy[0]
      Attempting to load seed data from: /home/juan/Projects/garamatic/ticket-masala/src/TicketMasala.Web/../../config/seed_data.json
info: TicketMasala.Web.Data.Seeding.UserSeedStrategy[0]
      Loading seed data from: /home/juan/Projects/garamatic/ticket-masala/src/TicketMasala.Web/../../config/seed_data.json
info: Microsoft.EntityFrameworkCore.Database.Command[20101]
      Executed DbCommand (0ms) [Parameters=[@normalizedUserName='?' (Size = 5)], CommandType='Text', CommandTimeout='30']
      SELECT "a"."Id", "a"."AccessFailedCount", "a"."Code", "a"."ConcurrencyStamp", "a"."Discriminator", "a"."Email", "a"."EmailConfirmed", "a"."FirstName", "a"."Language", "a"."LastName", "a"."LockoutEnabled", "a"."LockoutEnd", "a"."NormalizedEmail", "a"."NormalizedUserName", "a"."PasswordHash", "a"."Phone", "a"."PhoneNumber", "a"."PhoneNumberConfirmed", "a"."Region", "a"."SecurityStamp", "a"."StakeholderProjectId", "a"."TwoFactorEnabled", "a"."UserName", "a"."DepartmentId", "a"."Level", "a"."MaxCapacityPoints", "a"."ProfilePicturePath", "a"."ResourceProjectId", "a"."Specializations", "a"."Team"
      FROM "AspNetUsers" AS "a"
      WHERE "a"."NormalizedUserName" = @normalizedUserName
      LIMIT 1
info: Microsoft.EntityFrameworkCore.Database.Command[20101]
      Executed DbCommand (0ms) [Parameters=[@normalizedUserName='?' (Size = 5)], CommandType='Text', CommandTimeout='30']
      SELECT "a"."Id", "a"."AccessFailedCount", "a"."Code", "a"."ConcurrencyStamp", "a"."Discriminator", "a"."Email", "a"."EmailConfirmed", "a"."FirstName", "a"."Language", "a"."LastName", "a"."LockoutEnabled", "a"."LockoutEnd", "a"."NormalizedEmail", "a"."NormalizedUserName", "a"."PasswordHash", "a"."Phone", "a"."PhoneNumber", "a"."PhoneNumberConfirmed", "a"."Region", "a"."SecurityStamp", "a"."StakeholderProjectId", "a"."TwoFactorEnabled", "a"."UserName", "a"."DepartmentId", "a"."Level", "a"."MaxCapacityPoints", "a"."ProfilePicturePath", "a"."ResourceProjectId", "a"."Specializations", "a"."Team"
      FROM "AspNetUsers" AS "a"
      WHERE "a"."NormalizedUserName" = @normalizedUserName
      LIMIT 1
info: Microsoft.EntityFrameworkCore.Database.Command[20101]
      Executed DbCommand (0ms) [Parameters=[@normalizedEmail='?' (Size = 19)], CommandType='Text', CommandTimeout='30']
      SELECT "a"."Id", "a"."AccessFailedCount", "a"."Code", "a"."ConcurrencyStamp", "a"."Discriminator", "a"."Email", "a"."EmailConfirmed", "a"."FirstName", "a"."Language", "a"."LastName", "a"."LockoutEnabled", "a"."LockoutEnd", "a"."NormalizedEmail", "a"."NormalizedUserName", "a"."PasswordHash", "a"."Phone", "a"."PhoneNumber", "a"."PhoneNumberConfirmed", "a"."Region", "a"."SecurityStamp", "a"."StakeholderProjectId", "a"."TwoFactorEnabled", "a"."UserName", "a"."DepartmentId", "a"."Level", "a"."MaxCapacityPoints", "a"."ProfilePicturePath", "a"."ResourceProjectId", "a"."Specializations", "a"."Team"
      FROM "AspNetUsers" AS "a"
      WHERE "a"."NormalizedEmail" = @normalizedEmail
      LIMIT 2
info: Microsoft.EntityFrameworkCore.Database.Command[20101]
      Executed DbCommand (9ms) [Parameters=[@p0='?' (Size = 36), @p1='?' (DbType = Int32), @p2='?' (Size = 7), @p3='?' (Size = 36), @p4='?' (Size = 15), @p5='?' (Size = 19), @p6='?' (DbType = Boolean), @p7='?' (Size = 5), @p8='?', @p9='?' (Size = 4), @p10='?' (DbType = Boolean), @p11='?' (DbType = DateTimeOffset), @p12='?' (Size = 19), @p13='?' (Size = 5), @p14='?' (Size = 84), @p15='?' (Size = 15), @p16='?', @p17='?' (DbType = Boolean), @p18='?', @p19='?' (Size = 32), @p20='?' (DbType = Guid), @p21='?' (DbType = Boolean), @p22='?' (Size = 5)], CommandType='Text', CommandTimeout='30']
      INSERT INTO "AspNetUsers" ("Id", "AccessFailedCount", "Code", "ConcurrencyStamp", "Discriminator", "Email", "EmailConfirmed", "FirstName", "Language", "LastName", "LockoutEnabled", "LockoutEnd", "NormalizedEmail", "NormalizedUserName", "PasswordHash", "Phone", "PhoneNumber", "PhoneNumberConfirmed", "Region", "SecurityStamp", "StakeholderProjectId", "TwoFactorEnabled", "UserName")
      VALUES (@p0, @p1, @p2, @p3, @p4, @p5, @p6, @p7, @p8, @p9, @p10, @p11, @p12, @p13, @p14, @p15, @p16, @p17, @p18, @p19, @p20, @p21, @p22);
info: Microsoft.EntityFrameworkCore.Database.Command[20101]
      Executed DbCommand (0ms) [Parameters=[@normalizedRoleName='?' (Size = 5)], CommandType='Text', CommandTimeout='30']
      SELECT "a"."Id", "a"."ConcurrencyStamp", "a"."Name", "a"."NormalizedName"
      FROM "AspNetRoles" AS "a"
      WHERE "a"."NormalizedName" = @normalizedRoleName
      LIMIT 2
info: Microsoft.EntityFrameworkCore.Database.Command[20101]
      Executed DbCommand (0ms) [Parameters=[@p='?' (Size = 36), @p0='?' (Size = 36)], CommandType='Text', CommandTimeout='30']
      SELECT "a"."UserId", "a"."RoleId"
      FROM "AspNetUserRoles" AS "a"
      WHERE "a"."UserId" = @p AND "a"."RoleId" = @p0
      LIMIT 1
info: Microsoft.EntityFrameworkCore.Database.Command[20101]
      Executed DbCommand (0ms) [Parameters=[@normalizedRoleName='?' (Size = 5)], CommandType='Text', CommandTimeout='30']
      SELECT "a"."Id", "a"."ConcurrencyStamp", "a"."Name", "a"."NormalizedName"
      FROM "AspNetRoles" AS "a"
      WHERE "a"."NormalizedName" = @normalizedRoleName
      LIMIT 2
info: Microsoft.EntityFrameworkCore.Database.Command[20101]
      Executed DbCommand (0ms) [Parameters=[@normalizedUserName='?' (Size = 5)], CommandType='Text', CommandTimeout='30']
      SELECT "a"."Id", "a"."AccessFailedCount", "a"."Code", "a"."ConcurrencyStamp", "a"."Discriminator", "a"."Email", "a"."EmailConfirmed", "a"."FirstName", "a"."Language", "a"."LastName", "a"."LockoutEnabled", "a"."LockoutEnd", "a"."NormalizedEmail", "a"."NormalizedUserName", "a"."PasswordHash", "a"."Phone", "a"."PhoneNumber", "a"."PhoneNumberConfirmed", "a"."Region", "a"."SecurityStamp", "a"."StakeholderProjectId", "a"."TwoFactorEnabled", "a"."UserName", "a"."DepartmentId", "a"."Level", "a"."MaxCapacityPoints", "a"."ProfilePicturePath", "a"."ResourceProjectId", "a"."Specializations", "a"."Team"
      FROM "AspNetUsers" AS "a"
      WHERE "a"."NormalizedUserName" = @normalizedUserName
      LIMIT 1
info: Microsoft.EntityFrameworkCore.Database.Command[20101]
      Executed DbCommand (0ms) [Parameters=[@normalizedEmail='?' (Size = 19)], CommandType='Text', CommandTimeout='30']
      SELECT "a"."Id", "a"."AccessFailedCount", "a"."Code", "a"."ConcurrencyStamp", "a"."Discriminator", "a"."Email", "a"."EmailConfirmed", "a"."FirstName", "a"."Language", "a"."LastName", "a"."LockoutEnabled", "a"."LockoutEnd", "a"."NormalizedEmail", "a"."NormalizedUserName", "a"."PasswordHash", "a"."Phone", "a"."PhoneNumber", "a"."PhoneNumberConfirmed", "a"."Region", "a"."SecurityStamp", "a"."StakeholderProjectId", "a"."TwoFactorEnabled", "a"."UserName", "a"."DepartmentId", "a"."Level", "a"."MaxCapacityPoints", "a"."ProfilePicturePath", "a"."ResourceProjectId", "a"."Specializations", "a"."Team"
      FROM "AspNetUsers" AS "a"
      WHERE "a"."NormalizedEmail" = @normalizedEmail
      LIMIT 2
info: Microsoft.EntityFrameworkCore.Database.Command[20101]
      Executed DbCommand (0ms) [Parameters=[@p0='?' (Size = 36), @p1='?' (Size = 36)], CommandType='Text', CommandTimeout='30']
      INSERT INTO "AspNetUserRoles" ("RoleId", "UserId")
      VALUES (@p0, @p1);
info: Microsoft.EntityFrameworkCore.Database.Command[20101]
      Executed DbCommand (0ms) [Parameters=[@p21='?' (Size = 36), @p0='?' (DbType = Int32), @p1='?' (Size = 7), @p2='?' (Size = 36), @p22='?' (Size = 36), @p3='?' (Size = 19), @p4='?' (DbType = Boolean), @p5='?' (Size = 5), @p6='?', @p7='?' (Size = 4), @p8='?' (DbType = Boolean), @p9='?' (DbType = DateTimeOffset), @p10='?' (Size = 19), @p11='?' (Size = 5), @p12='?' (Size = 84), @p13='?' (Size = 15), @p14='?', @p15='?' (DbType = Boolean), @p16='?', @p17='?' (Size = 32), @p18='?' (DbType = Guid), @p19='?' (DbType = Boolean), @p20='?' (Size = 5)], CommandType='Text', CommandTimeout='30']
      UPDATE "AspNetUsers" SET "AccessFailedCount" = @p0, "Code" = @p1, "ConcurrencyStamp" = @p2, "Email" = @p3, "EmailConfirmed" = @p4, "FirstName" = @p5, "Language" = @p6, "LastName" = @p7, "LockoutEnabled" = @p8, "LockoutEnd" = @p9, "NormalizedEmail" = @p10, "NormalizedUserName" = @p11, "PasswordHash" = @p12, "Phone" = @p13, "PhoneNumber" = @p14, "PhoneNumberConfirmed" = @p15, "Region" = @p16, "SecurityStamp" = @p17, "StakeholderProjectId" = @p18, "TwoFactorEnabled" = @p19, "UserName" = @p20
      WHERE "Id" = @p21 AND "ConcurrencyStamp" = @p22
      RETURNING 1;
info: TicketMasala.Web.Data.Seeding.UserSeedStrategy[0]
      Created Admin user: admin@localhost.dev
info: Microsoft.EntityFrameworkCore.Database.Command[20101]
      Executed DbCommand (0ms) [Parameters=[@normalizedUserName='?' (Size = 13)], CommandType='Text', CommandTimeout='30']
      SELECT "a"."Id", "a"."AccessFailedCount", "a"."Code", "a"."ConcurrencyStamp", "a"."Discriminator", "a"."Email", "a"."EmailConfirmed", "a"."FirstName", "a"."Language", "a"."LastName", "a"."LockoutEnabled", "a"."LockoutEnd", "a"."NormalizedEmail", "a"."NormalizedUserName", "a"."PasswordHash", "a"."Phone", "a"."PhoneNumber", "a"."PhoneNumberConfirmed", "a"."Region", "a"."SecurityStamp", "a"."StakeholderProjectId", "a"."TwoFactorEnabled", "a"."UserName", "a"."DepartmentId", "a"."Level", "a"."MaxCapacityPoints", "a"."ProfilePicturePath", "a"."ResourceProjectId", "a"."Specializations", "a"."Team"
      FROM "AspNetUsers" AS "a"
      WHERE "a"."NormalizedUserName" = @normalizedUserName
      LIMIT 1
info: Microsoft.EntityFrameworkCore.Database.Command[20101]
      Executed DbCommand (0ms) [Parameters=[@normalizedUserName='?' (Size = 13)], CommandType='Text', CommandTimeout='30']
      SELECT "a"."Id", "a"."AccessFailedCount", "a"."Code", "a"."ConcurrencyStamp", "a"."Discriminator", "a"."Email", "a"."EmailConfirmed", "a"."FirstName", "a"."Language", "a"."LastName", "a"."LockoutEnabled", "a"."LockoutEnd", "a"."NormalizedEmail", "a"."NormalizedUserName", "a"."PasswordHash", "a"."Phone", "a"."PhoneNumber", "a"."PhoneNumberConfirmed", "a"."Region", "a"."SecurityStamp", "a"."StakeholderProjectId", "a"."TwoFactorEnabled", "a"."UserName", "a"."DepartmentId", "a"."Level", "a"."MaxCapacityPoints", "a"."ProfilePicturePath", "a"."ResourceProjectId", "a"."Specializations", "a"."Team"
      FROM "AspNetUsers" AS "a"
      WHERE "a"."NormalizedUserName" = @normalizedUserName
      LIMIT 1
info: Microsoft.EntityFrameworkCore.Database.Command[20101]
      Executed DbCommand (0ms) [Parameters=[@normalizedEmail='?' (Size = 27)], CommandType='Text', CommandTimeout='30']
      SELECT "a"."Id", "a"."AccessFailedCount", "a"."Code", "a"."ConcurrencyStamp", "a"."Discriminator", "a"."Email", "a"."EmailConfirmed", "a"."FirstName", "a"."Language", "a"."LastName", "a"."LockoutEnabled", "a"."LockoutEnd", "a"."NormalizedEmail", "a"."NormalizedUserName", "a"."PasswordHash", "a"."Phone", "a"."PhoneNumber", "a"."PhoneNumberConfirmed", "a"."Region", "a"."SecurityStamp", "a"."StakeholderProjectId", "a"."TwoFactorEnabled", "a"."UserName", "a"."DepartmentId", "a"."Level", "a"."MaxCapacityPoints", "a"."ProfilePicturePath", "a"."ResourceProjectId", "a"."Specializations", "a"."Team"
      FROM "AspNetUsers" AS "a"
      WHERE "a"."NormalizedEmail" = @normalizedEmail
      LIMIT 2
info: Microsoft.EntityFrameworkCore.Database.Command[20101]
      Executed DbCommand (1ms) [Parameters=[@p0='?' (Size = 36), @p1='?' (DbType = Int32), @p2='?' (Size = 7), @p3='?' (Size = 36), @p4='?' (Size = 15), @p5='?' (Size = 27), @p6='?' (DbType = Boolean), @p7='?' (Size = 4), @p8='?', @p9='?' (Size = 8), @p10='?' (DbType = Boolean), @p11='?' (DbType = DateTimeOffset), @p12='?' (Size = 27), @p13='?' (Size = 13), @p14='?' (Size = 84), @p15='?' (Size = 15), @p16='?', @p17='?' (DbType = Boolean), @p18='?', @p19='?' (Size = 32), @p20='?' (DbType = Guid), @p21='?' (DbType = Boolean), @p22='?' (Size = 13)], CommandType='Text', CommandTimeout='30']
      INSERT INTO "AspNetUsers" ("Id", "AccessFailedCount", "Code", "ConcurrencyStamp", "Discriminator", "Email", "EmailConfirmed", "FirstName", "Language", "LastName", "LockoutEnabled", "LockoutEnd", "NormalizedEmail", "NormalizedUserName", "PasswordHash", "Phone", "PhoneNumber", "PhoneNumberConfirmed", "Region", "SecurityStamp", "StakeholderProjectId", "TwoFactorEnabled", "UserName")
      VALUES (@p0, @p1, @p2, @p3, @p4, @p5, @p6, @p7, @p8, @p9, @p10, @p11, @p12, @p13, @p14, @p15, @p16, @p17, @p18, @p19, @p20, @p21, @p22);
info: Microsoft.EntityFrameworkCore.Database.Command[20101]
      Executed DbCommand (0ms) [Parameters=[@normalizedRoleName='?' (Size = 5)], CommandType='Text', CommandTimeout='30']
      SELECT "a"."Id", "a"."ConcurrencyStamp", "a"."Name", "a"."NormalizedName"
      FROM "AspNetRoles" AS "a"
      WHERE "a"."NormalizedName" = @normalizedRoleName
      LIMIT 2
info: Microsoft.EntityFrameworkCore.Database.Command[20101]
      Executed DbCommand (0ms) [Parameters=[@p='?' (Size = 36), @p0='?' (Size = 36)], CommandType='Text', CommandTimeout='30']
      SELECT "a"."UserId", "a"."RoleId"
      FROM "AspNetUserRoles" AS "a"
      WHERE "a"."UserId" = @p AND "a"."RoleId" = @p0
      LIMIT 1
info: Microsoft.EntityFrameworkCore.Database.Command[20101]
      Executed DbCommand (0ms) [Parameters=[@normalizedRoleName='?' (Size = 5)], CommandType='Text', CommandTimeout='30']
      SELECT "a"."Id", "a"."ConcurrencyStamp", "a"."Name", "a"."NormalizedName"
      FROM "AspNetRoles" AS "a"
      WHERE "a"."NormalizedName" = @normalizedRoleName
      LIMIT 2
info: Microsoft.EntityFrameworkCore.Database.Command[20101]
      Executed DbCommand (0ms) [Parameters=[@normalizedUserName='?' (Size = 13)], CommandType='Text', CommandTimeout='30']
      SELECT "a"."Id", "a"."AccessFailedCount", "a"."Code", "a"."ConcurrencyStamp", "a"."Discriminator", "a"."Email", "a"."EmailConfirmed", "a"."FirstName", "a"."Language", "a"."LastName", "a"."LockoutEnabled", "a"."LockoutEnd", "a"."NormalizedEmail", "a"."NormalizedUserName", "a"."PasswordHash", "a"."Phone", "a"."PhoneNumber", "a"."PhoneNumberConfirmed", "a"."Region", "a"."SecurityStamp", "a"."StakeholderProjectId", "a"."TwoFactorEnabled", "a"."UserName", "a"."DepartmentId", "a"."Level", "a"."MaxCapacityPoints", "a"."ProfilePicturePath", "a"."ResourceProjectId", "a"."Specializations", "a"."Team"
      FROM "AspNetUsers" AS "a"
      WHERE "a"."NormalizedUserName" = @normalizedUserName
      LIMIT 1
info: Microsoft.EntityFrameworkCore.Database.Command[20101]
      Executed DbCommand (0ms) [Parameters=[@normalizedEmail='?' (Size = 27)], CommandType='Text', CommandTimeout='30']
      SELECT "a"."Id", "a"."AccessFailedCount", "a"."Code", "a"."ConcurrencyStamp", "a"."Discriminator", "a"."Email", "a"."EmailConfirmed", "a"."FirstName", "a"."Language", "a"."LastName", "a"."LockoutEnabled", "a"."LockoutEnd", "a"."NormalizedEmail", "a"."NormalizedUserName", "a"."PasswordHash", "a"."Phone", "a"."PhoneNumber", "a"."PhoneNumberConfirmed", "a"."Region", "a"."SecurityStamp", "a"."StakeholderProjectId", "a"."TwoFactorEnabled", "a"."UserName", "a"."DepartmentId", "a"."Level", "a"."MaxCapacityPoints", "a"."ProfilePicturePath", "a"."ResourceProjectId", "a"."Specializations", "a"."Team"
      FROM "AspNetUsers" AS "a"
      WHERE "a"."NormalizedEmail" = @normalizedEmail
      LIMIT 2
info: Microsoft.EntityFrameworkCore.Database.Command[20101]
      Executed DbCommand (0ms) [Parameters=[@p0='?' (Size = 36), @p1='?' (Size = 36)], CommandType='Text', CommandTimeout='30']
      INSERT INTO "AspNetUserRoles" ("RoleId", "UserId")
      VALUES (@p0, @p1);
info: Microsoft.EntityFrameworkCore.Database.Command[20101]
      Executed DbCommand (0ms) [Parameters=[@p21='?' (Size = 36), @p0='?' (DbType = Int32), @p1='?' (Size = 7), @p2='?' (Size = 36), @p22='?' (Size = 36), @p3='?' (Size = 27), @p4='?' (DbType = Boolean), @p5='?' (Size = 4), @p6='?', @p7='?' (Size = 8), @p8='?' (DbType = Boolean), @p9='?' (DbType = DateTimeOffset), @p10='?' (Size = 27), @p11='?' (Size = 13), @p12='?' (Size = 84), @p13='?' (Size = 15), @p14='?', @p15='?' (DbType = Boolean), @p16='?', @p17='?' (Size = 32), @p18='?' (DbType = Guid), @p19='?' (DbType = Boolean), @p20='?' (Size = 13)], CommandType='Text', CommandTimeout='30']
      UPDATE "AspNetUsers" SET "AccessFailedCount" = @p0, "Code" = @p1, "ConcurrencyStamp" = @p2, "Email" = @p3, "EmailConfirmed" = @p4, "FirstName" = @p5, "Language" = @p6, "LastName" = @p7, "LockoutEnabled" = @p8, "LockoutEnd" = @p9, "NormalizedEmail" = @p10, "NormalizedUserName" = @p11, "PasswordHash" = @p12, "Phone" = @p13, "PhoneNumber" = @p14, "PhoneNumberConfirmed" = @p15, "Region" = @p16, "SecurityStamp" = @p17, "StakeholderProjectId" = @p18, "TwoFactorEnabled" = @p19, "UserName" = @p20
      WHERE "Id" = @p21 AND "ConcurrencyStamp" = @p22
      RETURNING 1;
info: TicketMasala.Web.Data.Seeding.UserSeedStrategy[0]
      Created Admin user: emma.director@localhost.dev
info: Microsoft.EntityFrameworkCore.Database.Command[20101]
      Executed DbCommand (0ms) [Parameters=[@normalizedUserName='?' (Size = 12)], CommandType='Text', CommandTimeout='30']
      SELECT "a"."Id", "a"."AccessFailedCount", "a"."Code", "a"."ConcurrencyStamp", "a"."Discriminator", "a"."Email", "a"."EmailConfirmed", "a"."FirstName", "a"."Language", "a"."LastName", "a"."LockoutEnabled", "a"."LockoutEnd", "a"."NormalizedEmail", "a"."NormalizedUserName", "a"."PasswordHash", "a"."Phone", "a"."PhoneNumber", "a"."PhoneNumberConfirmed", "a"."Region", "a"."SecurityStamp", "a"."StakeholderProjectId", "a"."TwoFactorEnabled", "a"."UserName", "a"."DepartmentId", "a"."Level", "a"."MaxCapacityPoints", "a"."ProfilePicturePath", "a"."ResourceProjectId", "a"."Specializations", "a"."Team"
      FROM "AspNetUsers" AS "a"
      WHERE "a"."NormalizedUserName" = @normalizedUserName
      LIMIT 1
info: Microsoft.EntityFrameworkCore.Database.Command[20101]
      Executed DbCommand (0ms) [Parameters=[@normalizedUserName='?' (Size = 12)], CommandType='Text', CommandTimeout='30']
      SELECT "a"."Id", "a"."AccessFailedCount", "a"."Code", "a"."ConcurrencyStamp", "a"."Discriminator", "a"."Email", "a"."EmailConfirmed", "a"."FirstName", "a"."Language", "a"."LastName", "a"."LockoutEnabled", "a"."LockoutEnd", "a"."NormalizedEmail", "a"."NormalizedUserName", "a"."PasswordHash", "a"."Phone", "a"."PhoneNumber", "a"."PhoneNumberConfirmed", "a"."Region", "a"."SecurityStamp", "a"."StakeholderProjectId", "a"."TwoFactorEnabled", "a"."UserName", "a"."DepartmentId", "a"."Level", "a"."MaxCapacityPoints", "a"."ProfilePicturePath", "a"."ResourceProjectId", "a"."Specializations", "a"."Team"
      FROM "AspNetUsers" AS "a"
      WHERE "a"."NormalizedUserName" = @normalizedUserName
      LIMIT 1
info: Microsoft.EntityFrameworkCore.Database.Command[20101]
      Executed DbCommand (0ms) [Parameters=[@normalizedEmail='?' (Size = 26)], CommandType='Text', CommandTimeout='30']
      SELECT "a"."Id", "a"."AccessFailedCount", "a"."Code", "a"."ConcurrencyStamp", "a"."Discriminator", "a"."Email", "a"."EmailConfirmed", "a"."FirstName", "a"."Language", "a"."LastName", "a"."LockoutEnabled", "a"."LockoutEnd", "a"."NormalizedEmail", "a"."NormalizedUserName", "a"."PasswordHash", "a"."Phone", "a"."PhoneNumber", "a"."PhoneNumberConfirmed", "a"."Region", "a"."SecurityStamp", "a"."StakeholderProjectId", "a"."TwoFactorEnabled", "a"."UserName", "a"."DepartmentId", "a"."Level", "a"."MaxCapacityPoints", "a"."ProfilePicturePath", "a"."ResourceProjectId", "a"."Specializations", "a"."Team"
      FROM "AspNetUsers" AS "a"
      WHERE "a"."NormalizedEmail" = @normalizedEmail
      LIMIT 2
info: Microsoft.EntityFrameworkCore.Database.Command[20101]
      Executed DbCommand (1ms) [Parameters=[@p0='?' (Size = 36), @p1='?' (DbType = Int32), @p2='?', @p3='?' (Size = 36), @p4='?', @p5='?' (Size = 8), @p6='?' (Size = 26), @p7='?' (DbType = Boolean), @p8='?' (Size = 4), @p9='?' (Size = 5), @p10='?' (Size = 7), @p11='?' (DbType = Int32), @p12='?' (DbType = Boolean), @p13='?' (DbType = DateTimeOffset), @p14='?' (DbType = Int32), @p15='?' (Size = 26), @p16='?' (Size = 12), @p17='?' (Size = 84), @p18='?', @p19='?', @p20='?' (DbType = Boolean), @p21='?', @p22='?' (Size = 5), @p23='?' (DbType = Guid), @p24='?' (Size = 32), @p25='?' (Size = 47), @p26='?' (DbType = Guid), @p27='?' (Size = 12), @p28='?' (DbType = Boolean), @p29='?' (Size = 12)], CommandType='Text', CommandTimeout='30']
      INSERT INTO "AspNetUsers" ("Id", "AccessFailedCount", "Code", "ConcurrencyStamp", "DepartmentId", "Discriminator", "Email", "EmailConfirmed", "FirstName", "Language", "LastName", "Level", "LockoutEnabled", "LockoutEnd", "MaxCapacityPoints", "NormalizedEmail", "NormalizedUserName", "PasswordHash", "Phone", "PhoneNumber", "PhoneNumberConfirmed", "ProfilePicturePath", "Region", "ResourceProjectId", "SecurityStamp", "Specializations", "StakeholderProjectId", "Team", "TwoFactorEnabled", "UserName")
      VALUES (@p0, @p1, @p2, @p3, @p4, @p5, @p6, @p7, @p8, @p9, @p10, @p11, @p12, @p13, @p14, @p15, @p16, @p17, @p18, @p19, @p20, @p21, @p22, @p23, @p24, @p25, @p26, @p27, @p28, @p29);
info: Microsoft.EntityFrameworkCore.Database.Command[20101]
      Executed DbCommand (0ms) [Parameters=[@normalizedRoleName='?' (Size = 8)], CommandType='Text', CommandTimeout='30']
      SELECT "a"."Id", "a"."ConcurrencyStamp", "a"."Name", "a"."NormalizedName"
      FROM "AspNetRoles" AS "a"
      WHERE "a"."NormalizedName" = @normalizedRoleName
      LIMIT 2
info: Microsoft.EntityFrameworkCore.Database.Command[20101]
      Executed DbCommand (0ms) [Parameters=[@p='?' (Size = 36), @p0='?' (Size = 36)], CommandType='Text', CommandTimeout='30']
      SELECT "a"."UserId", "a"."RoleId"
      FROM "AspNetUserRoles" AS "a"
      WHERE "a"."UserId" = @p AND "a"."RoleId" = @p0
      LIMIT 1
info: Microsoft.EntityFrameworkCore.Database.Command[20101]
      Executed DbCommand (0ms) [Parameters=[@normalizedRoleName='?' (Size = 8)], CommandType='Text', CommandTimeout='30']
      SELECT "a"."Id", "a"."ConcurrencyStamp", "a"."Name", "a"."NormalizedName"
      FROM "AspNetRoles" AS "a"
      WHERE "a"."NormalizedName" = @normalizedRoleName
      LIMIT 2
info: Microsoft.EntityFrameworkCore.Database.Command[20101]
      Executed DbCommand (0ms) [Parameters=[@normalizedUserName='?' (Size = 12)], CommandType='Text', CommandTimeout='30']
      SELECT "a"."Id", "a"."AccessFailedCount", "a"."Code", "a"."ConcurrencyStamp", "a"."Discriminator", "a"."Email", "a"."EmailConfirmed", "a"."FirstName", "a"."Language", "a"."LastName", "a"."LockoutEnabled", "a"."LockoutEnd", "a"."NormalizedEmail", "a"."NormalizedUserName", "a"."PasswordHash", "a"."Phone", "a"."PhoneNumber", "a"."PhoneNumberConfirmed", "a"."Region", "a"."SecurityStamp", "a"."StakeholderProjectId", "a"."TwoFactorEnabled", "a"."UserName", "a"."DepartmentId", "a"."Level", "a"."MaxCapacityPoints", "a"."ProfilePicturePath", "a"."ResourceProjectId", "a"."Specializations", "a"."Team"
      FROM "AspNetUsers" AS "a"
      WHERE "a"."NormalizedUserName" = @normalizedUserName
      LIMIT 1
info: Microsoft.EntityFrameworkCore.Database.Command[20101]
      Executed DbCommand (0ms) [Parameters=[@normalizedEmail='?' (Size = 26)], CommandType='Text', CommandTimeout='30']
      SELECT "a"."Id", "a"."AccessFailedCount", "a"."Code", "a"."ConcurrencyStamp", "a"."Discriminator", "a"."Email", "a"."EmailConfirmed", "a"."FirstName", "a"."Language", "a"."LastName", "a"."LockoutEnabled", "a"."LockoutEnd", "a"."NormalizedEmail", "a"."NormalizedUserName", "a"."PasswordHash", "a"."Phone", "a"."PhoneNumber", "a"."PhoneNumberConfirmed", "a"."Region", "a"."SecurityStamp", "a"."StakeholderProjectId", "a"."TwoFactorEnabled", "a"."UserName", "a"."DepartmentId", "a"."Level", "a"."MaxCapacityPoints", "a"."ProfilePicturePath", "a"."ResourceProjectId", "a"."Specializations", "a"."Team"
      FROM "AspNetUsers" AS "a"
      WHERE "a"."NormalizedEmail" = @normalizedEmail
      LIMIT 2
info: Microsoft.EntityFrameworkCore.Database.Command[20101]
      Executed DbCommand (0ms) [Parameters=[@p0='?' (Size = 36), @p1='?' (Size = 36)], CommandType='Text', CommandTimeout='30']
      INSERT INTO "AspNetUserRoles" ("RoleId", "UserId")
      VALUES (@p0, @p1);
info: Microsoft.EntityFrameworkCore.Database.Command[20101]
      Executed DbCommand (0ms) [Parameters=[@p28='?' (Size = 36), @p0='?' (DbType = Int32), @p1='?', @p2='?' (Size = 36), @p29='?' (Size = 36), @p3='?', @p4='?' (Size = 26), @p5='?' (DbType = Boolean), @p6='?' (Size = 4), @p7='?' (Size = 5), @p8='?' (Size = 7), @p9='?' (DbType = Int32), @p10='?' (DbType = Boolean), @p11='?' (DbType = DateTimeOffset), @p12='?' (DbType = Int32), @p13='?' (Size = 26), @p14='?' (Size = 12), @p15='?' (Size = 84), @p16='?', @p17='?', @p18='?' (DbType = Boolean), @p19='?', @p20='?' (Size = 5), @p21='?' (DbType = Guid), @p22='?' (Size = 32), @p23='?' (Size = 47), @p24='?' (DbType = Guid), @p25='?' (Size = 12), @p26='?' (DbType = Boolean), @p27='?' (Size = 12)], CommandType='Text', CommandTimeout='30']
      UPDATE "AspNetUsers" SET "AccessFailedCount" = @p0, "Code" = @p1, "ConcurrencyStamp" = @p2, "DepartmentId" = @p3, "Email" = @p4, "EmailConfirmed" = @p5, "FirstName" = @p6, "Language" = @p7, "LastName" = @p8, "Level" = @p9, "LockoutEnabled" = @p10, "LockoutEnd" = @p11, "MaxCapacityPoints" = @p12, "NormalizedEmail" = @p13, "NormalizedUserName" = @p14, "PasswordHash" = @p15, "Phone" = @p16, "PhoneNumber" = @p17, "PhoneNumberConfirmed" = @p18, "ProfilePicturePath" = @p19, "Region" = @p20, "ResourceProjectId" = @p21, "SecurityStamp" = @p22, "Specializations" = @p23, "StakeholderProjectId" = @p24, "Team" = @p25, "TwoFactorEnabled" = @p26, "UserName" = @p27
      WHERE "Id" = @p28 AND "ConcurrencyStamp" = @p29
      RETURNING 1;
info: TicketMasala.Web.Data.Seeding.UserSeedStrategy[0]
      Created employee user: john.manager@localhost.dev
info: Microsoft.EntityFrameworkCore.Database.Command[20101]
      Executed DbCommand (0ms) [Parameters=[@normalizedUserName='?' (Size = 11)], CommandType='Text', CommandTimeout='30']
      SELECT "a"."Id", "a"."AccessFailedCount", "a"."Code", "a"."ConcurrencyStamp", "a"."Discriminator", "a"."Email", "a"."EmailConfirmed", "a"."FirstName", "a"."Language", "a"."LastName", "a"."LockoutEnabled", "a"."LockoutEnd", "a"."NormalizedEmail", "a"."NormalizedUserName", "a"."PasswordHash", "a"."Phone", "a"."PhoneNumber", "a"."PhoneNumberConfirmed", "a"."Region", "a"."SecurityStamp", "a"."StakeholderProjectId", "a"."TwoFactorEnabled", "a"."UserName", "a"."DepartmentId", "a"."Level", "a"."MaxCapacityPoints", "a"."ProfilePicturePath", "a"."ResourceProjectId", "a"."Specializations", "a"."Team"
      FROM "AspNetUsers" AS "a"
      WHERE "a"."NormalizedUserName" = @normalizedUserName
      LIMIT 1
info: Microsoft.EntityFrameworkCore.Database.Command[20101]
      Executed DbCommand (0ms) [Parameters=[@normalizedUserName='?' (Size = 11)], CommandType='Text', CommandTimeout='30']
      SELECT "a"."Id", "a"."AccessFailedCount", "a"."Code", "a"."ConcurrencyStamp", "a"."Discriminator", "a"."Email", "a"."EmailConfirmed", "a"."FirstName", "a"."Language", "a"."LastName", "a"."LockoutEnabled", "a"."LockoutEnd", "a"."NormalizedEmail", "a"."NormalizedUserName", "a"."PasswordHash", "a"."Phone", "a"."PhoneNumber", "a"."PhoneNumberConfirmed", "a"."Region", "a"."SecurityStamp", "a"."StakeholderProjectId", "a"."TwoFactorEnabled", "a"."UserName", "a"."DepartmentId", "a"."Level", "a"."MaxCapacityPoints", "a"."ProfilePicturePath", "a"."ResourceProjectId", "a"."Specializations", "a"."Team"
      FROM "AspNetUsers" AS "a"
      WHERE "a"."NormalizedUserName" = @normalizedUserName
      LIMIT 1
info: Microsoft.EntityFrameworkCore.Database.Command[20101]
      Executed DbCommand (0ms) [Parameters=[@normalizedEmail='?' (Size = 25)], CommandType='Text', CommandTimeout='30']
      SELECT "a"."Id", "a"."AccessFailedCount", "a"."Code", "a"."ConcurrencyStamp", "a"."Discriminator", "a"."Email", "a"."EmailConfirmed", "a"."FirstName", "a"."Language", "a"."LastName", "a"."LockoutEnabled", "a"."LockoutEnd", "a"."NormalizedEmail", "a"."NormalizedUserName", "a"."PasswordHash", "a"."Phone", "a"."PhoneNumber", "a"."PhoneNumberConfirmed", "a"."Region", "a"."SecurityStamp", "a"."StakeholderProjectId", "a"."TwoFactorEnabled", "a"."UserName", "a"."DepartmentId", "a"."Level", "a"."MaxCapacityPoints", "a"."ProfilePicturePath", "a"."ResourceProjectId", "a"."Specializations", "a"."Team"
      FROM "AspNetUsers" AS "a"
      WHERE "a"."NormalizedEmail" = @normalizedEmail
      LIMIT 2
info: Microsoft.EntityFrameworkCore.Database.Command[20101]
      Executed DbCommand (1ms) [Parameters=[@p0='?' (Size = 36), @p1='?' (DbType = Int32), @p2='?', @p3='?' (Size = 36), @p4='?', @p5='?' (Size = 8), @p6='?' (Size = 25), @p7='?' (DbType = Boolean), @p8='?' (Size = 5), @p9='?' (Size = 5), @p10='?' (Size = 4), @p11='?' (DbType = Int32), @p12='?' (DbType = Boolean), @p13='?' (DbType = DateTimeOffset), @p14='?' (DbType = Int32), @p15='?' (Size = 25), @p16='?' (Size = 11), @p17='?' (Size = 84), @p18='?', @p19='?', @p20='?' (DbType = Boolean), @p21='?', @p22='?' (Size = 5), @p23='?' (DbType = Guid), @p24='?' (Size = 32), @p25='?' (Size = 44), @p26='?' (DbType = Guid), @p27='?' (Size = 12), @p28='?' (DbType = Boolean), @p29='?' (Size = 11)], CommandType='Text', CommandTimeout='30']
      INSERT INTO "AspNetUsers" ("Id", "AccessFailedCount", "Code", "ConcurrencyStamp", "DepartmentId", "Discriminator", "Email", "EmailConfirmed", "FirstName", "Language", "LastName", "Level", "LockoutEnabled", "LockoutEnd", "MaxCapacityPoints", "NormalizedEmail", "NormalizedUserName", "PasswordHash", "Phone", "PhoneNumber", "PhoneNumberConfirmed", "ProfilePicturePath", "Region", "ResourceProjectId", "SecurityStamp", "Specializations", "StakeholderProjectId", "Team", "TwoFactorEnabled", "UserName")
      VALUES (@p0, @p1, @p2, @p3, @p4, @p5, @p6, @p7, @p8, @p9, @p10, @p11, @p12, @p13, @p14, @p15, @p16, @p17, @p18, @p19, @p20, @p21, @p22, @p23, @p24, @p25, @p26, @p27, @p28, @p29);
info: Microsoft.EntityFrameworkCore.Database.Command[20101]
      Executed DbCommand (0ms) [Parameters=[@normalizedRoleName='?' (Size = 8)], CommandType='Text', CommandTimeout='30']
      SELECT "a"."Id", "a"."ConcurrencyStamp", "a"."Name", "a"."NormalizedName"
      FROM "AspNetRoles" AS "a"
      WHERE "a"."NormalizedName" = @normalizedRoleName
      LIMIT 2
info: Microsoft.EntityFrameworkCore.Database.Command[20101]
      Executed DbCommand (0ms) [Parameters=[@p='?' (Size = 36), @p0='?' (Size = 36)], CommandType='Text', CommandTimeout='30']
      SELECT "a"."UserId", "a"."RoleId"
      FROM "AspNetUserRoles" AS "a"
      WHERE "a"."UserId" = @p AND "a"."RoleId" = @p0
      LIMIT 1
info: Microsoft.EntityFrameworkCore.Database.Command[20101]
      Executed DbCommand (0ms) [Parameters=[@normalizedRoleName='?' (Size = 8)], CommandType='Text', CommandTimeout='30']
      SELECT "a"."Id", "a"."ConcurrencyStamp", "a"."Name", "a"."NormalizedName"
      FROM "AspNetRoles" AS "a"
      WHERE "a"."NormalizedName" = @normalizedRoleName
      LIMIT 2
info: Microsoft.EntityFrameworkCore.Database.Command[20101]
      Executed DbCommand (0ms) [Parameters=[@normalizedUserName='?' (Size = 11)], CommandType='Text', CommandTimeout='30']
      SELECT "a"."Id", "a"."AccessFailedCount", "a"."Code", "a"."ConcurrencyStamp", "a"."Discriminator", "a"."Email", "a"."EmailConfirmed", "a"."FirstName", "a"."Language", "a"."LastName", "a"."LockoutEnabled", "a"."LockoutEnd", "a"."NormalizedEmail", "a"."NormalizedUserName", "a"."PasswordHash", "a"."Phone", "a"."PhoneNumber", "a"."PhoneNumberConfirmed", "a"."Region", "a"."SecurityStamp", "a"."StakeholderProjectId", "a"."TwoFactorEnabled", "a"."UserName", "a"."DepartmentId", "a"."Level", "a"."MaxCapacityPoints", "a"."ProfilePicturePath", "a"."ResourceProjectId", "a"."Specializations", "a"."Team"
      FROM "AspNetUsers" AS "a"
      WHERE "a"."NormalizedUserName" = @normalizedUserName
      LIMIT 1
info: Microsoft.EntityFrameworkCore.Database.Command[20101]
      Executed DbCommand (0ms) [Parameters=[@normalizedEmail='?' (Size = 25)], CommandType='Text', CommandTimeout='30']
      SELECT "a"."Id", "a"."AccessFailedCount", "a"."Code", "a"."ConcurrencyStamp", "a"."Discriminator", "a"."Email", "a"."EmailConfirmed", "a"."FirstName", "a"."Language", "a"."LastName", "a"."LockoutEnabled", "a"."LockoutEnd", "a"."NormalizedEmail", "a"."NormalizedUserName", "a"."PasswordHash", "a"."Phone", "a"."PhoneNumber", "a"."PhoneNumberConfirmed", "a"."Region", "a"."SecurityStamp", "a"."StakeholderProjectId", "a"."TwoFactorEnabled", "a"."UserName", "a"."DepartmentId", "a"."Level", "a"."MaxCapacityPoints", "a"."ProfilePicturePath", "a"."ResourceProjectId", "a"."Specializations", "a"."Team"
      FROM "AspNetUsers" AS "a"
      WHERE "a"."NormalizedEmail" = @normalizedEmail
      LIMIT 2
info: Microsoft.EntityFrameworkCore.Database.Command[20101]
      Executed DbCommand (0ms) [Parameters=[@p0='?' (Size = 36), @p1='?' (Size = 36)], CommandType='Text', CommandTimeout='30']
      INSERT INTO "AspNetUserRoles" ("RoleId", "UserId")
      VALUES (@p0, @p1);
info: Microsoft.EntityFrameworkCore.Database.Command[20101]
      Executed DbCommand (0ms) [Parameters=[@p28='?' (Size = 36), @p0='?' (DbType = Int32), @p1='?', @p2='?' (Size = 36), @p29='?' (Size = 36), @p3='?', @p4='?' (Size = 25), @p5='?' (DbType = Boolean), @p6='?' (Size = 5), @p7='?' (Size = 5), @p8='?' (Size = 4), @p9='?' (DbType = Int32), @p10='?' (DbType = Boolean), @p11='?' (DbType = DateTimeOffset), @p12='?' (DbType = Int32), @p13='?' (Size = 25), @p14='?' (Size = 11), @p15='?' (Size = 84), @p16='?', @p17='?', @p18='?' (DbType = Boolean), @p19='?', @p20='?' (Size = 5), @p21='?' (DbType = Guid), @p22='?' (Size = 32), @p23='?' (Size = 44), @p24='?' (DbType = Guid), @p25='?' (Size = 12), @p26='?' (DbType = Boolean), @p27='?' (Size = 11)], CommandType='Text', CommandTimeout='30']
      UPDATE "AspNetUsers" SET "AccessFailedCount" = @p0, "Code" = @p1, "ConcurrencyStamp" = @p2, "DepartmentId" = @p3, "Email" = @p4, "EmailConfirmed" = @p5, "FirstName" = @p6, "Language" = @p7, "LastName" = @p8, "Level" = @p9, "LockoutEnabled" = @p10, "LockoutEnd" = @p11, "MaxCapacityPoints" = @p12, "NormalizedEmail" = @p13, "NormalizedUserName" = @p14, "PasswordHash" = @p15, "Phone" = @p16, "PhoneNumber" = @p17, "PhoneNumberConfirmed" = @p18, "ProfilePicturePath" = @p19, "Region" = @p20, "ResourceProjectId" = @p21, "SecurityStamp" = @p22, "Specializations" = @p23, "StakeholderProjectId" = @p24, "Team" = @p25, "TwoFactorEnabled" = @p26, "UserName" = @p27
      WHERE "Id" = @p28 AND "ConcurrencyStamp" = @p29
      RETURNING 1;
info: TicketMasala.Web.Data.Seeding.UserSeedStrategy[0]
      Created employee user: sarah.agent@localhost.dev
info: Microsoft.EntityFrameworkCore.Database.Command[20101]
      Executed DbCommand (0ms) [Parameters=[@normalizedUserName='?' (Size = 15)], CommandType='Text', CommandTimeout='30']
      SELECT "a"."Id", "a"."AccessFailedCount", "a"."Code", "a"."ConcurrencyStamp", "a"."Discriminator", "a"."Email", "a"."EmailConfirmed", "a"."FirstName", "a"."Language", "a"."LastName", "a"."LockoutEnabled", "a"."LockoutEnd", "a"."NormalizedEmail", "a"."NormalizedUserName", "a"."PasswordHash", "a"."Phone", "a"."PhoneNumber", "a"."PhoneNumberConfirmed", "a"."Region", "a"."SecurityStamp", "a"."StakeholderProjectId", "a"."TwoFactorEnabled", "a"."UserName", "a"."DepartmentId", "a"."Level", "a"."MaxCapacityPoints", "a"."ProfilePicturePath", "a"."ResourceProjectId", "a"."Specializations", "a"."Team"
      FROM "AspNetUsers" AS "a"
      WHERE "a"."NormalizedUserName" = @normalizedUserName
      LIMIT 1
info: Microsoft.EntityFrameworkCore.Database.Command[20101]
      Executed DbCommand (0ms) [Parameters=[@normalizedUserName='?' (Size = 15)], CommandType='Text', CommandTimeout='30']
      SELECT "a"."Id", "a"."AccessFailedCount", "a"."Code", "a"."ConcurrencyStamp", "a"."Discriminator", "a"."Email", "a"."EmailConfirmed", "a"."FirstName", "a"."Language", "a"."LastName", "a"."LockoutEnabled", "a"."LockoutEnd", "a"."NormalizedEmail", "a"."NormalizedUserName", "a"."PasswordHash", "a"."Phone", "a"."PhoneNumber", "a"."PhoneNumberConfirmed", "a"."Region", "a"."SecurityStamp", "a"."StakeholderProjectId", "a"."TwoFactorEnabled", "a"."UserName", "a"."DepartmentId", "a"."Level", "a"."MaxCapacityPoints", "a"."ProfilePicturePath", "a"."ResourceProjectId", "a"."Specializations", "a"."Team"
      FROM "AspNetUsers" AS "a"
      WHERE "a"."NormalizedUserName" = @normalizedUserName
      LIMIT 1
info: Microsoft.EntityFrameworkCore.Database.Command[20101]
      Executed DbCommand (0ms) [Parameters=[@normalizedEmail='?' (Size = 29)], CommandType='Text', CommandTimeout='30']
      SELECT "a"."Id", "a"."AccessFailedCount", "a"."Code", "a"."ConcurrencyStamp", "a"."Discriminator", "a"."Email", "a"."EmailConfirmed", "a"."FirstName", "a"."Language", "a"."LastName", "a"."LockoutEnabled", "a"."LockoutEnd", "a"."NormalizedEmail", "a"."NormalizedUserName", "a"."PasswordHash", "a"."Phone", "a"."PhoneNumber", "a"."PhoneNumberConfirmed", "a"."Region", "a"."SecurityStamp", "a"."StakeholderProjectId", "a"."TwoFactorEnabled", "a"."UserName", "a"."DepartmentId", "a"."Level", "a"."MaxCapacityPoints", "a"."ProfilePicturePath", "a"."ResourceProjectId", "a"."Specializations", "a"."Team"
      FROM "AspNetUsers" AS "a"
      WHERE "a"."NormalizedEmail" = @normalizedEmail
      LIMIT 2
info: Microsoft.EntityFrameworkCore.Database.Command[20101]
      Executed DbCommand (1ms) [Parameters=[@p0='?' (Size = 36), @p1='?' (DbType = Int32), @p2='?', @p3='?' (Size = 36), @p4='?', @p5='?' (Size = 8), @p6='?' (Size = 29), @p7='?' (DbType = Boolean), @p8='?' (Size = 4), @p9='?' (Size = 5), @p10='?' (Size = 9), @p11='?' (DbType = Int32), @p12='?' (DbType = Boolean), @p13='?' (DbType = DateTimeOffset), @p14='?' (DbType = Int32), @p15='?' (Size = 29), @p16='?' (Size = 15), @p17='?' (Size = 84), @p18='?', @p19='?', @p20='?' (DbType = Boolean), @p21='?', @p22='?' (Size = 7), @p23='?' (DbType = Guid), @p24='?' (Size = 32), @p25='?' (Size = 44), @p26='?' (DbType = Guid), @p27='?' (Size = 14), @p28='?' (DbType = Boolean), @p29='?' (Size = 15)], CommandType='Text', CommandTimeout='30']
      INSERT INTO "AspNetUsers" ("Id", "AccessFailedCount", "Code", "ConcurrencyStamp", "DepartmentId", "Discriminator", "Email", "EmailConfirmed", "FirstName", "Language", "LastName", "Level", "LockoutEnabled", "LockoutEnd", "MaxCapacityPoints", "NormalizedEmail", "NormalizedUserName", "PasswordHash", "Phone", "PhoneNumber", "PhoneNumberConfirmed", "ProfilePicturePath", "Region", "ResourceProjectId", "SecurityStamp", "Specializations", "StakeholderProjectId", "Team", "TwoFactorEnabled", "UserName")
      VALUES (@p0, @p1, @p2, @p3, @p4, @p5, @p6, @p7, @p8, @p9, @p10, @p11, @p12, @p13, @p14, @p15, @p16, @p17, @p18, @p19, @p20, @p21, @p22, @p23, @p24, @p25, @p26, @p27, @p28, @p29);
info: Microsoft.EntityFrameworkCore.Database.Command[20101]
      Executed DbCommand (0ms) [Parameters=[@normalizedRoleName='?' (Size = 8)], CommandType='Text', CommandTimeout='30']
      SELECT "a"."Id", "a"."ConcurrencyStamp", "a"."Name", "a"."NormalizedName"
      FROM "AspNetRoles" AS "a"
      WHERE "a"."NormalizedName" = @normalizedRoleName
      LIMIT 2
info: Microsoft.EntityFrameworkCore.Database.Command[20101]
      Executed DbCommand (0ms) [Parameters=[@p='?' (Size = 36), @p0='?' (Size = 36)], CommandType='Text', CommandTimeout='30']
      SELECT "a"."UserId", "a"."RoleId"
      FROM "AspNetUserRoles" AS "a"
      WHERE "a"."UserId" = @p AND "a"."RoleId" = @p0
      LIMIT 1
info: Microsoft.EntityFrameworkCore.Database.Command[20101]
      Executed DbCommand (0ms) [Parameters=[@normalizedRoleName='?' (Size = 8)], CommandType='Text', CommandTimeout='30']
      SELECT "a"."Id", "a"."ConcurrencyStamp", "a"."Name", "a"."NormalizedName"
      FROM "AspNetRoles" AS "a"
      WHERE "a"."NormalizedName" = @normalizedRoleName
      LIMIT 2
info: Microsoft.EntityFrameworkCore.Database.Command[20101]
      Executed DbCommand (0ms) [Parameters=[@normalizedUserName='?' (Size = 15)], CommandType='Text', CommandTimeout='30']
      SELECT "a"."Id", "a"."AccessFailedCount", "a"."Code", "a"."ConcurrencyStamp", "a"."Discriminator", "a"."Email", "a"."EmailConfirmed", "a"."FirstName", "a"."Language", "a"."LastName", "a"."LockoutEnabled", "a"."LockoutEnd", "a"."NormalizedEmail", "a"."NormalizedUserName", "a"."PasswordHash", "a"."Phone", "a"."PhoneNumber", "a"."PhoneNumberConfirmed", "a"."Region", "a"."SecurityStamp", "a"."StakeholderProjectId", "a"."TwoFactorEnabled", "a"."UserName", "a"."DepartmentId", "a"."Level", "a"."MaxCapacityPoints", "a"."ProfilePicturePath", "a"."ResourceProjectId", "a"."Specializations", "a"."Team"
      FROM "AspNetUsers" AS "a"
      WHERE "a"."NormalizedUserName" = @normalizedUserName
      LIMIT 1
info: Microsoft.EntityFrameworkCore.Database.Command[20101]
      Executed DbCommand (0ms) [Parameters=[@normalizedEmail='?' (Size = 29)], CommandType='Text', CommandTimeout='30']
      SELECT "a"."Id", "a"."AccessFailedCount", "a"."Code", "a"."ConcurrencyStamp", "a"."Discriminator", "a"."Email", "a"."EmailConfirmed", "a"."FirstName", "a"."Language", "a"."LastName", "a"."LockoutEnabled", "a"."LockoutEnd", "a"."NormalizedEmail", "a"."NormalizedUserName", "a"."PasswordHash", "a"."Phone", "a"."PhoneNumber", "a"."PhoneNumberConfirmed", "a"."Region", "a"."SecurityStamp", "a"."StakeholderProjectId", "a"."TwoFactorEnabled", "a"."UserName", "a"."DepartmentId", "a"."Level", "a"."MaxCapacityPoints", "a"."ProfilePicturePath", "a"."ResourceProjectId", "a"."Specializations", "a"."Team"
      FROM "AspNetUsers" AS "a"
      WHERE "a"."NormalizedEmail" = @normalizedEmail
      LIMIT 2
info: Microsoft.EntityFrameworkCore.Database.Command[20101]
      Executed DbCommand (0ms) [Parameters=[@p0='?' (Size = 36), @p1='?' (Size = 36)], CommandType='Text', CommandTimeout='30']
      INSERT INTO "AspNetUserRoles" ("RoleId", "UserId")
      VALUES (@p0, @p1);
info: Microsoft.EntityFrameworkCore.Database.Command[20101]
      Executed DbCommand (0ms) [Parameters=[@p28='?' (Size = 36), @p0='?' (DbType = Int32), @p1='?', @p2='?' (Size = 36), @p29='?' (Size = 36), @p3='?', @p4='?' (Size = 29), @p5='?' (DbType = Boolean), @p6='?' (Size = 4), @p7='?' (Size = 5), @p8='?' (Size = 9), @p9='?' (DbType = Int32), @p10='?' (DbType = Boolean), @p11='?' (DbType = DateTimeOffset), @p12='?' (DbType = Int32), @p13='?' (Size = 29), @p14='?' (Size = 15), @p15='?' (Size = 84), @p16='?', @p17='?', @p18='?' (DbType = Boolean), @p19='?', @p20='?' (Size = 7), @p21='?' (DbType = Guid), @p22='?' (Size = 32), @p23='?' (Size = 44), @p24='?' (DbType = Guid), @p25='?' (Size = 14), @p26='?' (DbType = Boolean), @p27='?' (Size = 15)], CommandType='Text', CommandTimeout='30']
      UPDATE "AspNetUsers" SET "AccessFailedCount" = @p0, "Code" = @p1, "ConcurrencyStamp" = @p2, "DepartmentId" = @p3, "Email" = @p4, "EmailConfirmed" = @p5, "FirstName" = @p6, "Language" = @p7, "LastName" = @p8, "Level" = @p9, "LockoutEnabled" = @p10, "LockoutEnd" = @p11, "MaxCapacityPoints" = @p12, "NormalizedEmail" = @p13, "NormalizedUserName" = @p14, "PasswordHash" = @p15, "Phone" = @p16, "PhoneNumber" = @p17, "PhoneNumberConfirmed" = @p18, "ProfilePicturePath" = @p19, "Region" = @p20, "ResourceProjectId" = @p21, "SecurityStamp" = @p22, "Specializations" = @p23, "StakeholderProjectId" = @p24, "Team" = @p25, "TwoFactorEnabled" = @p26, "UserName" = @p27
      WHERE "Id" = @p28 AND "ConcurrencyStamp" = @p29
      RETURNING 1;
info: TicketMasala.Web.Data.Seeding.UserSeedStrategy[0]
      Created employee user: mike.specialist@localhost.dev
info: Microsoft.EntityFrameworkCore.Database.Command[20101]
      Executed DbCommand (0ms) [Parameters=[@normalizedUserName='?' (Size = 12)], CommandType='Text', CommandTimeout='30']
      SELECT "a"."Id", "a"."AccessFailedCount", "a"."Code", "a"."ConcurrencyStamp", "a"."Discriminator", "a"."Email", "a"."EmailConfirmed", "a"."FirstName", "a"."Language", "a"."LastName", "a"."LockoutEnabled", "a"."LockoutEnd", "a"."NormalizedEmail", "a"."NormalizedUserName", "a"."PasswordHash", "a"."Phone", "a"."PhoneNumber", "a"."PhoneNumberConfirmed", "a"."Region", "a"."SecurityStamp", "a"."StakeholderProjectId", "a"."TwoFactorEnabled", "a"."UserName", "a"."DepartmentId", "a"."Level", "a"."MaxCapacityPoints", "a"."ProfilePicturePath", "a"."ResourceProjectId", "a"."Specializations", "a"."Team"
      FROM "AspNetUsers" AS "a"
      WHERE "a"."NormalizedUserName" = @normalizedUserName
      LIMIT 1
info: Microsoft.EntityFrameworkCore.Database.Command[20101]
      Executed DbCommand (0ms) [Parameters=[@normalizedUserName='?' (Size = 12)], CommandType='Text', CommandTimeout='30']
      SELECT "a"."Id", "a"."AccessFailedCount", "a"."Code", "a"."ConcurrencyStamp", "a"."Discriminator", "a"."Email", "a"."EmailConfirmed", "a"."FirstName", "a"."Language", "a"."LastName", "a"."LockoutEnabled", "a"."LockoutEnd", "a"."NormalizedEmail", "a"."NormalizedUserName", "a"."PasswordHash", "a"."Phone", "a"."PhoneNumber", "a"."PhoneNumberConfirmed", "a"."Region", "a"."SecurityStamp", "a"."StakeholderProjectId", "a"."TwoFactorEnabled", "a"."UserName", "a"."DepartmentId", "a"."Level", "a"."MaxCapacityPoints", "a"."ProfilePicturePath", "a"."ResourceProjectId", "a"."Specializations", "a"."Team"
      FROM "AspNetUsers" AS "a"
      WHERE "a"."NormalizedUserName" = @normalizedUserName
      LIMIT 1
info: Microsoft.EntityFrameworkCore.Database.Command[20101]
      Executed DbCommand (0ms) [Parameters=[@normalizedEmail='?' (Size = 26)], CommandType='Text', CommandTimeout='30']
      SELECT "a"."Id", "a"."AccessFailedCount", "a"."Code", "a"."ConcurrencyStamp", "a"."Discriminator", "a"."Email", "a"."EmailConfirmed", "a"."FirstName", "a"."Language", "a"."LastName", "a"."LockoutEnabled", "a"."LockoutEnd", "a"."NormalizedEmail", "a"."NormalizedUserName", "a"."PasswordHash", "a"."Phone", "a"."PhoneNumber", "a"."PhoneNumberConfirmed", "a"."Region", "a"."SecurityStamp", "a"."StakeholderProjectId", "a"."TwoFactorEnabled", "a"."UserName", "a"."DepartmentId", "a"."Level", "a"."MaxCapacityPoints", "a"."ProfilePicturePath", "a"."ResourceProjectId", "a"."Specializations", "a"."Team"
      FROM "AspNetUsers" AS "a"
      WHERE "a"."NormalizedEmail" = @normalizedEmail
      LIMIT 2
info: Microsoft.EntityFrameworkCore.Database.Command[20101]
      Executed DbCommand (1ms) [Parameters=[@p0='?' (Size = 36), @p1='?' (DbType = Int32), @p2='?', @p3='?' (Size = 36), @p4='?', @p5='?' (Size = 8), @p6='?' (Size = 26), @p7='?' (DbType = Boolean), @p8='?' (Size = 4), @p9='?' (Size = 5), @p10='?' (Size = 8), @p11='?' (DbType = Int32), @p12='?' (DbType = Boolean), @p13='?' (DbType = DateTimeOffset), @p14='?' (DbType = Int32), @p15='?' (Size = 26), @p16='?' (Size = 12), @p17='?' (Size = 84), @p18='?', @p19='?', @p20='?' (DbType = Boolean), @p21='?', @p22='?' (Size = 4), @p23='?' (DbType = Guid), @p24='?' (Size = 32), @p25='?' (Size = 37), @p26='?' (DbType = Guid), @p27='?' (Size = 16), @p28='?' (DbType = Boolean), @p29='?' (Size = 12)], CommandType='Text', CommandTimeout='30']
      INSERT INTO "AspNetUsers" ("Id", "AccessFailedCount", "Code", "ConcurrencyStamp", "DepartmentId", "Discriminator", "Email", "EmailConfirmed", "FirstName", "Language", "LastName", "Level", "LockoutEnabled", "LockoutEnd", "MaxCapacityPoints", "NormalizedEmail", "NormalizedUserName", "PasswordHash", "Phone", "PhoneNumber", "PhoneNumberConfirmed", "ProfilePicturePath", "Region", "ResourceProjectId", "SecurityStamp", "Specializations", "StakeholderProjectId", "Team", "TwoFactorEnabled", "UserName")
      VALUES (@p0, @p1, @p2, @p3, @p4, @p5, @p6, @p7, @p8, @p9, @p10, @p11, @p12, @p13, @p14, @p15, @p16, @p17, @p18, @p19, @p20, @p21, @p22, @p23, @p24, @p25, @p26, @p27, @p28, @p29);
info: Microsoft.EntityFrameworkCore.Database.Command[20101]
      Executed DbCommand (0ms) [Parameters=[@normalizedRoleName='?' (Size = 8)], CommandType='Text', CommandTimeout='30']
      SELECT "a"."Id", "a"."ConcurrencyStamp", "a"."Name", "a"."NormalizedName"
      FROM "AspNetRoles" AS "a"
      WHERE "a"."NormalizedName" = @normalizedRoleName
      LIMIT 2
info: Microsoft.EntityFrameworkCore.Database.Command[20101]
      Executed DbCommand (0ms) [Parameters=[@p='?' (Size = 36), @p0='?' (Size = 36)], CommandType='Text', CommandTimeout='30']
      SELECT "a"."UserId", "a"."RoleId"
      FROM "AspNetUserRoles" AS "a"
      WHERE "a"."UserId" = @p AND "a"."RoleId" = @p0
      LIMIT 1
info: Microsoft.EntityFrameworkCore.Database.Command[20101]
      Executed DbCommand (0ms) [Parameters=[@normalizedRoleName='?' (Size = 8)], CommandType='Text', CommandTimeout='30']
      SELECT "a"."Id", "a"."ConcurrencyStamp", "a"."Name", "a"."NormalizedName"
      FROM "AspNetRoles" AS "a"
      WHERE "a"."NormalizedName" = @normalizedRoleName
      LIMIT 2
info: Microsoft.EntityFrameworkCore.Database.Command[20101]
      Executed DbCommand (0ms) [Parameters=[@normalizedUserName='?' (Size = 12)], CommandType='Text', CommandTimeout='30']
      SELECT "a"."Id", "a"."AccessFailedCount", "a"."Code", "a"."ConcurrencyStamp", "a"."Discriminator", "a"."Email", "a"."EmailConfirmed", "a"."FirstName", "a"."Language", "a"."LastName", "a"."LockoutEnabled", "a"."LockoutEnd", "a"."NormalizedEmail", "a"."NormalizedUserName", "a"."PasswordHash", "a"."Phone", "a"."PhoneNumber", "a"."PhoneNumberConfirmed", "a"."Region", "a"."SecurityStamp", "a"."StakeholderProjectId", "a"."TwoFactorEnabled", "a"."UserName", "a"."DepartmentId", "a"."Level", "a"."MaxCapacityPoints", "a"."ProfilePicturePath", "a"."ResourceProjectId", "a"."Specializations", "a"."Team"
      FROM "AspNetUsers" AS "a"
      WHERE "a"."NormalizedUserName" = @normalizedUserName
      LIMIT 1
info: Microsoft.EntityFrameworkCore.Database.Command[20101]
      Executed DbCommand (0ms) [Parameters=[@normalizedEmail='?' (Size = 26)], CommandType='Text', CommandTimeout='30']
      SELECT "a"."Id", "a"."AccessFailedCount", "a"."Code", "a"."ConcurrencyStamp", "a"."Discriminator", "a"."Email", "a"."EmailConfirmed", "a"."FirstName", "a"."Language", "a"."LastName", "a"."LockoutEnabled", "a"."LockoutEnd", "a"."NormalizedEmail", "a"."NormalizedUserName", "a"."PasswordHash", "a"."Phone", "a"."PhoneNumber", "a"."PhoneNumberConfirmed", "a"."Region", "a"."SecurityStamp", "a"."StakeholderProjectId", "a"."TwoFactorEnabled", "a"."UserName", "a"."DepartmentId", "a"."Level", "a"."MaxCapacityPoints", "a"."ProfilePicturePath", "a"."ResourceProjectId", "a"."Specializations", "a"."Team"
      FROM "AspNetUsers" AS "a"
      WHERE "a"."NormalizedEmail" = @normalizedEmail
      LIMIT 2
info: Microsoft.EntityFrameworkCore.Database.Command[20101]
      Executed DbCommand (0ms) [Parameters=[@p0='?' (Size = 36), @p1='?' (Size = 36)], CommandType='Text', CommandTimeout='30']
      INSERT INTO "AspNetUserRoles" ("RoleId", "UserId")
      VALUES (@p0, @p1);
info: Microsoft.EntityFrameworkCore.Database.Command[20101]
      Executed DbCommand (0ms) [Parameters=[@p28='?' (Size = 36), @p0='?' (DbType = Int32), @p1='?', @p2='?' (Size = 36), @p29='?' (Size = 36), @p3='?', @p4='?' (Size = 26), @p5='?' (DbType = Boolean), @p6='?' (Size = 4), @p7='?' (Size = 5), @p8='?' (Size = 8), @p9='?' (DbType = Int32), @p10='?' (DbType = Boolean), @p11='?' (DbType = DateTimeOffset), @p12='?' (DbType = Int32), @p13='?' (Size = 26), @p14='?' (Size = 12), @p15='?' (Size = 84), @p16='?', @p17='?', @p18='?' (DbType = Boolean), @p19='?', @p20='?' (Size = 4), @p21='?' (DbType = Guid), @p22='?' (Size = 32), @p23='?' (Size = 37), @p24='?' (DbType = Guid), @p25='?' (Size = 16), @p26='?' (DbType = Boolean), @p27='?' (Size = 12)], CommandType='Text', CommandTimeout='30']
      UPDATE "AspNetUsers" SET "AccessFailedCount" = @p0, "Code" = @p1, "ConcurrencyStamp" = @p2, "DepartmentId" = @p3, "Email" = @p4, "EmailConfirmed" = @p5, "FirstName" = @p6, "Language" = @p7, "LastName" = @p8, "Level" = @p9, "LockoutEnabled" = @p10, "LockoutEnd" = @p11, "MaxCapacityPoints" = @p12, "NormalizedEmail" = @p13, "NormalizedUserName" = @p14, "PasswordHash" = @p15, "Phone" = @p16, "PhoneNumber" = @p17, "PhoneNumberConfirmed" = @p18, "ProfilePicturePath" = @p19, "Region" = @p20, "ResourceProjectId" = @p21, "SecurityStamp" = @p22, "Specializations" = @p23, "StakeholderProjectId" = @p24, "Team" = @p25, "TwoFactorEnabled" = @p26, "UserName" = @p27
      WHERE "Id" = @p28 AND "ConcurrencyStamp" = @p29
      RETURNING 1;
info: TicketMasala.Web.Data.Seeding.UserSeedStrategy[0]
      Created employee user: lisa.support@localhost.dev
info: Microsoft.EntityFrameworkCore.Database.Command[20101]
      Executed DbCommand (0ms) [Parameters=[@normalizedUserName='?' (Size = 8)], CommandType='Text', CommandTimeout='30']
      SELECT "a"."Id", "a"."AccessFailedCount", "a"."Code", "a"."ConcurrencyStamp", "a"."Discriminator", "a"."Email", "a"."EmailConfirmed", "a"."FirstName", "a"."Language", "a"."LastName", "a"."LockoutEnabled", "a"."LockoutEnd", "a"."NormalizedEmail", "a"."NormalizedUserName", "a"."PasswordHash", "a"."Phone", "a"."PhoneNumber", "a"."PhoneNumberConfirmed", "a"."Region", "a"."SecurityStamp", "a"."StakeholderProjectId", "a"."TwoFactorEnabled", "a"."UserName", "a"."DepartmentId", "a"."Level", "a"."MaxCapacityPoints", "a"."ProfilePicturePath", "a"."ResourceProjectId", "a"."Specializations", "a"."Team"
      FROM "AspNetUsers" AS "a"
      WHERE "a"."NormalizedUserName" = @normalizedUserName
      LIMIT 1
info: Microsoft.EntityFrameworkCore.Database.Command[20101]
      Executed DbCommand (0ms) [Parameters=[@normalizedUserName='?' (Size = 8)], CommandType='Text', CommandTimeout='30']
      SELECT "a"."Id", "a"."AccessFailedCount", "a"."Code", "a"."ConcurrencyStamp", "a"."Discriminator", "a"."Email", "a"."EmailConfirmed", "a"."FirstName", "a"."Language", "a"."LastName", "a"."LockoutEnabled", "a"."LockoutEnd", "a"."NormalizedEmail", "a"."NormalizedUserName", "a"."PasswordHash", "a"."Phone", "a"."PhoneNumber", "a"."PhoneNumberConfirmed", "a"."Region", "a"."SecurityStamp", "a"."StakeholderProjectId", "a"."TwoFactorEnabled", "a"."UserName", "a"."DepartmentId", "a"."Level", "a"."MaxCapacityPoints", "a"."ProfilePicturePath", "a"."ResourceProjectId", "a"."Specializations", "a"."Team"
      FROM "AspNetUsers" AS "a"
      WHERE "a"."NormalizedUserName" = @normalizedUserName
      LIMIT 1
info: Microsoft.EntityFrameworkCore.Database.Command[20101]
      Executed DbCommand (0ms) [Parameters=[@normalizedEmail='?' (Size = 22)], CommandType='Text', CommandTimeout='30']
      SELECT "a"."Id", "a"."AccessFailedCount", "a"."Code", "a"."ConcurrencyStamp", "a"."Discriminator", "a"."Email", "a"."EmailConfirmed", "a"."FirstName", "a"."Language", "a"."LastName", "a"."LockoutEnabled", "a"."LockoutEnd", "a"."NormalizedEmail", "a"."NormalizedUserName", "a"."PasswordHash", "a"."Phone", "a"."PhoneNumber", "a"."PhoneNumberConfirmed", "a"."Region", "a"."SecurityStamp", "a"."StakeholderProjectId", "a"."TwoFactorEnabled", "a"."UserName", "a"."DepartmentId", "a"."Level", "a"."MaxCapacityPoints", "a"."ProfilePicturePath", "a"."ResourceProjectId", "a"."Specializations", "a"."Team"
      FROM "AspNetUsers" AS "a"
      WHERE "a"."NormalizedEmail" = @normalizedEmail
      LIMIT 2
info: Microsoft.EntityFrameworkCore.Database.Command[20101]
      Executed DbCommand (1ms) [Parameters=[@p0='?' (Size = 36), @p1='?' (DbType = Int32), @p2='?', @p3='?' (Size = 36), @p4='?', @p5='?' (Size = 8), @p6='?' (Size = 22), @p7='?' (DbType = Boolean), @p8='?' (Size = 4), @p9='?' (Size = 5), @p10='?' (Size = 5), @p11='?' (DbType = Int32), @p12='?' (DbType = Boolean), @p13='?' (DbType = DateTimeOffset), @p14='?' (DbType = Int32), @p15='?' (Size = 22), @p16='?' (Size = 8), @p17='?' (Size = 84), @p18='?', @p19='?', @p20='?' (DbType = Boolean), @p21='?', @p22='?' (Size = 4), @p23='?' (DbType = Guid), @p24='?' (Size = 32), @p25='?' (Size = 42), @p26='?' (DbType = Guid), @p27='?' (Size = 16), @p28='?' (DbType = Boolean), @p29='?' (Size = 8)], CommandType='Text', CommandTimeout='30']
      INSERT INTO "AspNetUsers" ("Id", "AccessFailedCount", "Code", "ConcurrencyStamp", "DepartmentId", "Discriminator", "Email", "EmailConfirmed", "FirstName", "Language", "LastName", "Level", "LockoutEnabled", "LockoutEnd", "MaxCapacityPoints", "NormalizedEmail", "NormalizedUserName", "PasswordHash", "Phone", "PhoneNumber", "PhoneNumberConfirmed", "ProfilePicturePath", "Region", "ResourceProjectId", "SecurityStamp", "Specializations", "StakeholderProjectId", "Team", "TwoFactorEnabled", "UserName")
      VALUES (@p0, @p1, @p2, @p3, @p4, @p5, @p6, @p7, @p8, @p9, @p10, @p11, @p12, @p13, @p14, @p15, @p16, @p17, @p18, @p19, @p20, @p21, @p22, @p23, @p24, @p25, @p26, @p27, @p28, @p29);
info: Microsoft.EntityFrameworkCore.Database.Command[20101]
      Executed DbCommand (0ms) [Parameters=[@normalizedRoleName='?' (Size = 8)], CommandType='Text', CommandTimeout='30']
      SELECT "a"."Id", "a"."ConcurrencyStamp", "a"."Name", "a"."NormalizedName"
      FROM "AspNetRoles" AS "a"
      WHERE "a"."NormalizedName" = @normalizedRoleName
      LIMIT 2
info: Microsoft.EntityFrameworkCore.Database.Command[20101]
      Executed DbCommand (0ms) [Parameters=[@p='?' (Size = 36), @p0='?' (Size = 36)], CommandType='Text', CommandTimeout='30']
      SELECT "a"."UserId", "a"."RoleId"
      FROM "AspNetUserRoles" AS "a"
      WHERE "a"."UserId" = @p AND "a"."RoleId" = @p0
      LIMIT 1
info: Microsoft.EntityFrameworkCore.Database.Command[20101]
      Executed DbCommand (0ms) [Parameters=[@normalizedRoleName='?' (Size = 8)], CommandType='Text', CommandTimeout='30']
      SELECT "a"."Id", "a"."ConcurrencyStamp", "a"."Name", "a"."NormalizedName"
      FROM "AspNetRoles" AS "a"
      WHERE "a"."NormalizedName" = @normalizedRoleName
      LIMIT 2
info: Microsoft.EntityFrameworkCore.Database.Command[20101]
      Executed DbCommand (0ms) [Parameters=[@normalizedUserName='?' (Size = 8)], CommandType='Text', CommandTimeout='30']
      SELECT "a"."Id", "a"."AccessFailedCount", "a"."Code", "a"."ConcurrencyStamp", "a"."Discriminator", "a"."Email", "a"."EmailConfirmed", "a"."FirstName", "a"."Language", "a"."LastName", "a"."LockoutEnabled", "a"."LockoutEnd", "a"."NormalizedEmail", "a"."NormalizedUserName", "a"."PasswordHash", "a"."Phone", "a"."PhoneNumber", "a"."PhoneNumberConfirmed", "a"."Region", "a"."SecurityStamp", "a"."StakeholderProjectId", "a"."TwoFactorEnabled", "a"."UserName", "a"."DepartmentId", "a"."Level", "a"."MaxCapacityPoints", "a"."ProfilePicturePath", "a"."ResourceProjectId", "a"."Specializations", "a"."Team"
      FROM "AspNetUsers" AS "a"
      WHERE "a"."NormalizedUserName" = @normalizedUserName
      LIMIT 1
info: Microsoft.EntityFrameworkCore.Database.Command[20101]
      Executed DbCommand (0ms) [Parameters=[@normalizedEmail='?' (Size = 22)], CommandType='Text', CommandTimeout='30']
      SELECT "a"."Id", "a"."AccessFailedCount", "a"."Code", "a"."ConcurrencyStamp", "a"."Discriminator", "a"."Email", "a"."EmailConfirmed", "a"."FirstName", "a"."Language", "a"."LastName", "a"."LockoutEnabled", "a"."LockoutEnd", "a"."NormalizedEmail", "a"."NormalizedUserName", "a"."PasswordHash", "a"."Phone", "a"."PhoneNumber", "a"."PhoneNumberConfirmed", "a"."Region", "a"."SecurityStamp", "a"."StakeholderProjectId", "a"."TwoFactorEnabled", "a"."UserName", "a"."DepartmentId", "a"."Level", "a"."MaxCapacityPoints", "a"."ProfilePicturePath", "a"."ResourceProjectId", "a"."Specializations", "a"."Team"
      FROM "AspNetUsers" AS "a"
      WHERE "a"."NormalizedEmail" = @normalizedEmail
      LIMIT 2
info: Microsoft.EntityFrameworkCore.Database.Command[20101]
      Executed DbCommand (0ms) [Parameters=[@p0='?' (Size = 36), @p1='?' (Size = 36)], CommandType='Text', CommandTimeout='30']
      INSERT INTO "AspNetUserRoles" ("RoleId", "UserId")
      VALUES (@p0, @p1);
info: Microsoft.EntityFrameworkCore.Database.Command[20101]
      Executed DbCommand (0ms) [Parameters=[@p28='?' (Size = 36), @p0='?' (DbType = Int32), @p1='?', @p2='?' (Size = 36), @p29='?' (Size = 36), @p3='?', @p4='?' (Size = 22), @p5='?' (DbType = Boolean), @p6='?' (Size = 4), @p7='?' (Size = 5), @p8='?' (Size = 5), @p9='?' (DbType = Int32), @p10='?' (DbType = Boolean), @p11='?' (DbType = DateTimeOffset), @p12='?' (DbType = Int32), @p13='?' (Size = 22), @p14='?' (Size = 8), @p15='?' (Size = 84), @p16='?', @p17='?', @p18='?' (DbType = Boolean), @p19='?', @p20='?' (Size = 4), @p21='?' (DbType = Guid), @p22='?' (Size = 32), @p23='?' (Size = 42), @p24='?' (DbType = Guid), @p25='?' (Size = 16), @p26='?' (DbType = Boolean), @p27='?' (Size = 8)], CommandType='Text', CommandTimeout='30']
      UPDATE "AspNetUsers" SET "AccessFailedCount" = @p0, "Code" = @p1, "ConcurrencyStamp" = @p2, "DepartmentId" = @p3, "Email" = @p4, "EmailConfirmed" = @p5, "FirstName" = @p6, "Language" = @p7, "LastName" = @p8, "Level" = @p9, "LockoutEnabled" = @p10, "LockoutEnd" = @p11, "MaxCapacityPoints" = @p12, "NormalizedEmail" = @p13, "NormalizedUserName" = @p14, "PasswordHash" = @p15, "Phone" = @p16, "PhoneNumber" = @p17, "PhoneNumberConfirmed" = @p18, "ProfilePicturePath" = @p19, "Region" = @p20, "ResourceProjectId" = @p21, "SecurityStamp" = @p22, "Specializations" = @p23, "StakeholderProjectId" = @p24, "Team" = @p25, "TwoFactorEnabled" = @p26, "UserName" = @p27
      WHERE "Id" = @p28 AND "ConcurrencyStamp" = @p29
      RETURNING 1;
info: TicketMasala.Web.Data.Seeding.UserSeedStrategy[0]
      Created employee user: alex.dev@localhost.dev
info: Microsoft.EntityFrameworkCore.Database.Command[20101]
      Executed DbCommand (0ms) [Parameters=[@normalizedUserName='?' (Size = 9)], CommandType='Text', CommandTimeout='30']
      SELECT "a"."Id", "a"."AccessFailedCount", "a"."Code", "a"."ConcurrencyStamp", "a"."Discriminator", "a"."Email", "a"."EmailConfirmed", "a"."FirstName", "a"."Language", "a"."LastName", "a"."LockoutEnabled", "a"."LockoutEnd", "a"."NormalizedEmail", "a"."NormalizedUserName", "a"."PasswordHash", "a"."Phone", "a"."PhoneNumber", "a"."PhoneNumberConfirmed", "a"."Region", "a"."SecurityStamp", "a"."StakeholderProjectId", "a"."TwoFactorEnabled", "a"."UserName", "a"."DepartmentId", "a"."Level", "a"."MaxCapacityPoints", "a"."ProfilePicturePath", "a"."ResourceProjectId", "a"."Specializations", "a"."Team"
      FROM "AspNetUsers" AS "a"
      WHERE "a"."NormalizedUserName" = @normalizedUserName
      LIMIT 1
info: Microsoft.EntityFrameworkCore.Database.Command[20101]
      Executed DbCommand (0ms) [Parameters=[@normalizedUserName='?' (Size = 9)], CommandType='Text', CommandTimeout='30']
      SELECT "a"."Id", "a"."AccessFailedCount", "a"."Code", "a"."ConcurrencyStamp", "a"."Discriminator", "a"."Email", "a"."EmailConfirmed", "a"."FirstName", "a"."Language", "a"."LastName", "a"."LockoutEnabled", "a"."LockoutEnd", "a"."NormalizedEmail", "a"."NormalizedUserName", "a"."PasswordHash", "a"."Phone", "a"."PhoneNumber", "a"."PhoneNumberConfirmed", "a"."Region", "a"."SecurityStamp", "a"."StakeholderProjectId", "a"."TwoFactorEnabled", "a"."UserName", "a"."DepartmentId", "a"."Level", "a"."MaxCapacityPoints", "a"."ProfilePicturePath", "a"."ResourceProjectId", "a"."Specializations", "a"."Team"
      FROM "AspNetUsers" AS "a"
      WHERE "a"."NormalizedUserName" = @normalizedUserName
      LIMIT 1
info: Microsoft.EntityFrameworkCore.Database.Command[20101]
      Executed DbCommand (0ms) [Parameters=[@normalizedEmail='?' (Size = 23)], CommandType='Text', CommandTimeout='30']
      SELECT "a"."Id", "a"."AccessFailedCount", "a"."Code", "a"."ConcurrencyStamp", "a"."Discriminator", "a"."Email", "a"."EmailConfirmed", "a"."FirstName", "a"."Language", "a"."LastName", "a"."LockoutEnabled", "a"."LockoutEnd", "a"."NormalizedEmail", "a"."NormalizedUserName", "a"."PasswordHash", "a"."Phone", "a"."PhoneNumber", "a"."PhoneNumberConfirmed", "a"."Region", "a"."SecurityStamp", "a"."StakeholderProjectId", "a"."TwoFactorEnabled", "a"."UserName", "a"."DepartmentId", "a"."Level", "a"."MaxCapacityPoints", "a"."ProfilePicturePath", "a"."ResourceProjectId", "a"."Specializations", "a"."Team"
      FROM "AspNetUsers" AS "a"
      WHERE "a"."NormalizedEmail" = @normalizedEmail
      LIMIT 2
info: Microsoft.EntityFrameworkCore.Database.Command[20101]
      Executed DbCommand (1ms) [Parameters=[@p0='?' (Size = 36), @p1='?' (DbType = Int32), @p2='?', @p3='?' (Size = 36), @p4='?', @p5='?' (Size = 8), @p6='?' (Size = 23), @p7='?' (DbType = Boolean), @p8='?' (Size = 5), @p9='?' (Size = 5), @p10='?' (Size = 6), @p11='?' (DbType = Int32), @p12='?' (DbType = Boolean), @p13='?' (DbType = DateTimeOffset), @p14='?' (DbType = Int32), @p15='?' (Size = 23), @p16='?' (Size = 9), @p17='?' (Size = 84), @p18='?', @p19='?', @p20='?' (DbType = Boolean), @p21='?', @p22='?' (Size = 4), @p23='?' (DbType = Guid), @p24='?' (Size = 32), @p25='?' (Size = 42), @p26='?' (DbType = Guid), @p27='?' (Size = 16), @p28='?' (DbType = Boolean), @p29='?' (Size = 9)], CommandType='Text', CommandTimeout='30']
      INSERT INTO "AspNetUsers" ("Id", "AccessFailedCount", "Code", "ConcurrencyStamp", "DepartmentId", "Discriminator", "Email", "EmailConfirmed", "FirstName", "Language", "LastName", "Level", "LockoutEnabled", "LockoutEnd", "MaxCapacityPoints", "NormalizedEmail", "NormalizedUserName", "PasswordHash", "Phone", "PhoneNumber", "PhoneNumberConfirmed", "ProfilePicturePath", "Region", "ResourceProjectId", "SecurityStamp", "Specializations", "StakeholderProjectId", "Team", "TwoFactorEnabled", "UserName")
      VALUES (@p0, @p1, @p2, @p3, @p4, @p5, @p6, @p7, @p8, @p9, @p10, @p11, @p12, @p13, @p14, @p15, @p16, @p17, @p18, @p19, @p20, @p21, @p22, @p23, @p24, @p25, @p26, @p27, @p28, @p29);
info: Microsoft.EntityFrameworkCore.Database.Command[20101]
      Executed DbCommand (0ms) [Parameters=[@normalizedRoleName='?' (Size = 8)], CommandType='Text', CommandTimeout='30']
      SELECT "a"."Id", "a"."ConcurrencyStamp", "a"."Name", "a"."NormalizedName"
      FROM "AspNetRoles" AS "a"
      WHERE "a"."NormalizedName" = @normalizedRoleName
      LIMIT 2
info: Microsoft.EntityFrameworkCore.Database.Command[20101]
      Executed DbCommand (0ms) [Parameters=[@p='?' (Size = 36), @p0='?' (Size = 36)], CommandType='Text', CommandTimeout='30']
      SELECT "a"."UserId", "a"."RoleId"
      FROM "AspNetUserRoles" AS "a"
      WHERE "a"."UserId" = @p AND "a"."RoleId" = @p0
      LIMIT 1
info: Microsoft.EntityFrameworkCore.Database.Command[20101]
      Executed DbCommand (0ms) [Parameters=[@normalizedRoleName='?' (Size = 8)], CommandType='Text', CommandTimeout='30']
      SELECT "a"."Id", "a"."ConcurrencyStamp", "a"."Name", "a"."NormalizedName"
      FROM "AspNetRoles" AS "a"
      WHERE "a"."NormalizedName" = @normalizedRoleName
      LIMIT 2
info: Microsoft.EntityFrameworkCore.Database.Command[20101]
      Executed DbCommand (0ms) [Parameters=[@normalizedUserName='?' (Size = 9)], CommandType='Text', CommandTimeout='30']
      SELECT "a"."Id", "a"."AccessFailedCount", "a"."Code", "a"."ConcurrencyStamp", "a"."Discriminator", "a"."Email", "a"."EmailConfirmed", "a"."FirstName", "a"."Language", "a"."LastName", "a"."LockoutEnabled", "a"."LockoutEnd", "a"."NormalizedEmail", "a"."NormalizedUserName", "a"."PasswordHash", "a"."Phone", "a"."PhoneNumber", "a"."PhoneNumberConfirmed", "a"."Region", "a"."SecurityStamp", "a"."StakeholderProjectId", "a"."TwoFactorEnabled", "a"."UserName", "a"."DepartmentId", "a"."Level", "a"."MaxCapacityPoints", "a"."ProfilePicturePath", "a"."ResourceProjectId", "a"."Specializations", "a"."Team"
      FROM "AspNetUsers" AS "a"
      WHERE "a"."NormalizedUserName" = @normalizedUserName
      LIMIT 1
info: Microsoft.EntityFrameworkCore.Database.Command[20101]
      Executed DbCommand (0ms) [Parameters=[@normalizedEmail='?' (Size = 23)], CommandType='Text', CommandTimeout='30']
      SELECT "a"."Id", "a"."AccessFailedCount", "a"."Code", "a"."ConcurrencyStamp", "a"."Discriminator", "a"."Email", "a"."EmailConfirmed", "a"."FirstName", "a"."Language", "a"."LastName", "a"."LockoutEnabled", "a"."LockoutEnd", "a"."NormalizedEmail", "a"."NormalizedUserName", "a"."PasswordHash", "a"."Phone", "a"."PhoneNumber", "a"."PhoneNumberConfirmed", "a"."Region", "a"."SecurityStamp", "a"."StakeholderProjectId", "a"."TwoFactorEnabled", "a"."UserName", "a"."DepartmentId", "a"."Level", "a"."MaxCapacityPoints", "a"."ProfilePicturePath", "a"."ResourceProjectId", "a"."Specializations", "a"."Team"
      FROM "AspNetUsers" AS "a"
      WHERE "a"."NormalizedEmail" = @normalizedEmail
      LIMIT 2
info: Microsoft.EntityFrameworkCore.Database.Command[20101]
      Executed DbCommand (0ms) [Parameters=[@p0='?' (Size = 36), @p1='?' (Size = 36)], CommandType='Text', CommandTimeout='30']
      INSERT INTO "AspNetUserRoles" ("RoleId", "UserId")
      VALUES (@p0, @p1);
info: Microsoft.EntityFrameworkCore.Database.Command[20101]
      Executed DbCommand (0ms) [Parameters=[@p28='?' (Size = 36), @p0='?' (DbType = Int32), @p1='?', @p2='?' (Size = 36), @p29='?' (Size = 36), @p3='?', @p4='?' (Size = 23), @p5='?' (DbType = Boolean), @p6='?' (Size = 5), @p7='?' (Size = 5), @p8='?' (Size = 6), @p9='?' (DbType = Int32), @p10='?' (DbType = Boolean), @p11='?' (DbType = DateTimeOffset), @p12='?' (DbType = Int32), @p13='?' (Size = 23), @p14='?' (Size = 9), @p15='?' (Size = 84), @p16='?', @p17='?', @p18='?' (DbType = Boolean), @p19='?', @p20='?' (Size = 4), @p21='?' (DbType = Guid), @p22='?' (Size = 32), @p23='?' (Size = 42), @p24='?' (DbType = Guid), @p25='?' (Size = 16), @p26='?' (DbType = Boolean), @p27='?' (Size = 9)], CommandType='Text', CommandTimeout='30']
      UPDATE "AspNetUsers" SET "AccessFailedCount" = @p0, "Code" = @p1, "ConcurrencyStamp" = @p2, "DepartmentId" = @p3, "Email" = @p4, "EmailConfirmed" = @p5, "FirstName" = @p6, "Language" = @p7, "LastName" = @p8, "Level" = @p9, "LockoutEnabled" = @p10, "LockoutEnd" = @p11, "MaxCapacityPoints" = @p12, "NormalizedEmail" = @p13, "NormalizedUserName" = @p14, "PasswordHash" = @p15, "Phone" = @p16, "PhoneNumber" = @p17, "PhoneNumberConfirmed" = @p18, "ProfilePicturePath" = @p19, "Region" = @p20, "ResourceProjectId" = @p21, "SecurityStamp" = @p22, "Specializations" = @p23, "StakeholderProjectId" = @p24, "Team" = @p25, "TwoFactorEnabled" = @p26, "UserName" = @p27
      WHERE "Id" = @p28 AND "ConcurrencyStamp" = @p29
      RETURNING 1;
info: TicketMasala.Web.Data.Seeding.UserSeedStrategy[0]
      Created employee user: maria.dev@localhost.dev
info: Microsoft.EntityFrameworkCore.Database.Command[20101]
      Executed DbCommand (0ms) [Parameters=[@normalizedUserName='?' (Size = 8)], CommandType='Text', CommandTimeout='30']
      SELECT "a"."Id", "a"."AccessFailedCount", "a"."Code", "a"."ConcurrencyStamp", "a"."Discriminator", "a"."Email", "a"."EmailConfirmed", "a"."FirstName", "a"."Language", "a"."LastName", "a"."LockoutEnabled", "a"."LockoutEnd", "a"."NormalizedEmail", "a"."NormalizedUserName", "a"."PasswordHash", "a"."Phone", "a"."PhoneNumber", "a"."PhoneNumberConfirmed", "a"."Region", "a"."SecurityStamp", "a"."StakeholderProjectId", "a"."TwoFactorEnabled", "a"."UserName", "a"."DepartmentId", "a"."Level", "a"."MaxCapacityPoints", "a"."ProfilePicturePath", "a"."ResourceProjectId", "a"."Specializations", "a"."Team"
      FROM "AspNetUsers" AS "a"
      WHERE "a"."NormalizedUserName" = @normalizedUserName
      LIMIT 1
info: Microsoft.EntityFrameworkCore.Database.Command[20101]
      Executed DbCommand (0ms) [Parameters=[@normalizedUserName='?' (Size = 8)], CommandType='Text', CommandTimeout='30']
      SELECT "a"."Id", "a"."AccessFailedCount", "a"."Code", "a"."ConcurrencyStamp", "a"."Discriminator", "a"."Email", "a"."EmailConfirmed", "a"."FirstName", "a"."Language", "a"."LastName", "a"."LockoutEnabled", "a"."LockoutEnd", "a"."NormalizedEmail", "a"."NormalizedUserName", "a"."PasswordHash", "a"."Phone", "a"."PhoneNumber", "a"."PhoneNumberConfirmed", "a"."Region", "a"."SecurityStamp", "a"."StakeholderProjectId", "a"."TwoFactorEnabled", "a"."UserName", "a"."DepartmentId", "a"."Level", "a"."MaxCapacityPoints", "a"."ProfilePicturePath", "a"."ResourceProjectId", "a"."Specializations", "a"."Team"
      FROM "AspNetUsers" AS "a"
      WHERE "a"."NormalizedUserName" = @normalizedUserName
      LIMIT 1
info: Microsoft.EntityFrameworkCore.Database.Command[20101]
      Executed DbCommand (0ms) [Parameters=[@normalizedEmail='?' (Size = 22)], CommandType='Text', CommandTimeout='30']
      SELECT "a"."Id", "a"."AccessFailedCount", "a"."Code", "a"."ConcurrencyStamp", "a"."Discriminator", "a"."Email", "a"."EmailConfirmed", "a"."FirstName", "a"."Language", "a"."LastName", "a"."LockoutEnabled", "a"."LockoutEnd", "a"."NormalizedEmail", "a"."NormalizedUserName", "a"."PasswordHash", "a"."Phone", "a"."PhoneNumber", "a"."PhoneNumberConfirmed", "a"."Region", "a"."SecurityStamp", "a"."StakeholderProjectId", "a"."TwoFactorEnabled", "a"."UserName", "a"."DepartmentId", "a"."Level", "a"."MaxCapacityPoints", "a"."ProfilePicturePath", "a"."ResourceProjectId", "a"."Specializations", "a"."Team"
      FROM "AspNetUsers" AS "a"
      WHERE "a"."NormalizedEmail" = @normalizedEmail
      LIMIT 2
info: Microsoft.EntityFrameworkCore.Database.Command[20101]
      Executed DbCommand (1ms) [Parameters=[@p0='?' (Size = 36), @p1='?' (DbType = Int32), @p2='?', @p3='?' (Size = 36), @p4='?', @p5='?' (Size = 8), @p6='?' (Size = 22), @p7='?' (DbType = Boolean), @p8='?' (Size = 5), @p9='?' (Size = 5), @p10='?' (Size = 6), @p11='?' (DbType = Int32), @p12='?' (DbType = Boolean), @p13='?' (DbType = DateTimeOffset), @p14='?' (DbType = Int32), @p15='?' (Size = 22), @p16='?' (Size = 8), @p17='?' (Size = 84), @p18='?', @p19='?', @p20='?' (DbType = Boolean), @p21='?', @p22='?' (Size = 7), @p23='?' (DbType = Guid), @p24='?' (Size = 32), @p25='?' (Size = 37), @p26='?' (DbType = Guid), @p27='?' (Size = 17), @p28='?' (DbType = Boolean), @p29='?' (Size = 8)], CommandType='Text', CommandTimeout='30']
      INSERT INTO "AspNetUsers" ("Id", "AccessFailedCount", "Code", "ConcurrencyStamp", "DepartmentId", "Discriminator", "Email", "EmailConfirmed", "FirstName", "Language", "LastName", "Level", "LockoutEnabled", "LockoutEnd", "MaxCapacityPoints", "NormalizedEmail", "NormalizedUserName", "PasswordHash", "Phone", "PhoneNumber", "PhoneNumberConfirmed", "ProfilePicturePath", "Region", "ResourceProjectId", "SecurityStamp", "Specializations", "StakeholderProjectId", "Team", "TwoFactorEnabled", "UserName")
      VALUES (@p0, @p1, @p2, @p3, @p4, @p5, @p6, @p7, @p8, @p9, @p10, @p11, @p12, @p13, @p14, @p15, @p16, @p17, @p18, @p19, @p20, @p21, @p22, @p23, @p24, @p25, @p26, @p27, @p28, @p29);
info: Microsoft.EntityFrameworkCore.Database.Command[20101]
      Executed DbCommand (0ms) [Parameters=[@normalizedRoleName='?' (Size = 8)], CommandType='Text', CommandTimeout='30']
      SELECT "a"."Id", "a"."ConcurrencyStamp", "a"."Name", "a"."NormalizedName"
      FROM "AspNetRoles" AS "a"
      WHERE "a"."NormalizedName" = @normalizedRoleName
      LIMIT 2
info: Microsoft.EntityFrameworkCore.Database.Command[20101]
      Executed DbCommand (0ms) [Parameters=[@p='?' (Size = 36), @p0='?' (Size = 36)], CommandType='Text', CommandTimeout='30']
      SELECT "a"."UserId", "a"."RoleId"
      FROM "AspNetUserRoles" AS "a"
      WHERE "a"."UserId" = @p AND "a"."RoleId" = @p0
      LIMIT 1
info: Microsoft.EntityFrameworkCore.Database.Command[20101]
      Executed DbCommand (0ms) [Parameters=[@normalizedRoleName='?' (Size = 8)], CommandType='Text', CommandTimeout='30']
      SELECT "a"."Id", "a"."ConcurrencyStamp", "a"."Name", "a"."NormalizedName"
      FROM "AspNetRoles" AS "a"
      WHERE "a"."NormalizedName" = @normalizedRoleName
      LIMIT 2
info: Microsoft.EntityFrameworkCore.Database.Command[20101]
      Executed DbCommand (0ms) [Parameters=[@normalizedUserName='?' (Size = 8)], CommandType='Text', CommandTimeout='30']
      SELECT "a"."Id", "a"."AccessFailedCount", "a"."Code", "a"."ConcurrencyStamp", "a"."Discriminator", "a"."Email", "a"."EmailConfirmed", "a"."FirstName", "a"."Language", "a"."LastName", "a"."LockoutEnabled", "a"."LockoutEnd", "a"."NormalizedEmail", "a"."NormalizedUserName", "a"."PasswordHash", "a"."Phone", "a"."PhoneNumber", "a"."PhoneNumberConfirmed", "a"."Region", "a"."SecurityStamp", "a"."StakeholderProjectId", "a"."TwoFactorEnabled", "a"."UserName", "a"."DepartmentId", "a"."Level", "a"."MaxCapacityPoints", "a"."ProfilePicturePath", "a"."ResourceProjectId", "a"."Specializations", "a"."Team"
      FROM "AspNetUsers" AS "a"
      WHERE "a"."NormalizedUserName" = @normalizedUserName
      LIMIT 1
info: Microsoft.EntityFrameworkCore.Database.Command[20101]
      Executed DbCommand (0ms) [Parameters=[@normalizedEmail='?' (Size = 22)], CommandType='Text', CommandTimeout='30']
      SELECT "a"."Id", "a"."AccessFailedCount", "a"."Code", "a"."ConcurrencyStamp", "a"."Discriminator", "a"."Email", "a"."EmailConfirmed", "a"."FirstName", "a"."Language", "a"."LastName", "a"."LockoutEnabled", "a"."LockoutEnd", "a"."NormalizedEmail", "a"."NormalizedUserName", "a"."PasswordHash", "a"."Phone", "a"."PhoneNumber", "a"."PhoneNumberConfirmed", "a"."Region", "a"."SecurityStamp", "a"."StakeholderProjectId", "a"."TwoFactorEnabled", "a"."UserName", "a"."DepartmentId", "a"."Level", "a"."MaxCapacityPoints", "a"."ProfilePicturePath", "a"."ResourceProjectId", "a"."Specializations", "a"."Team"
      FROM "AspNetUsers" AS "a"
      WHERE "a"."NormalizedEmail" = @normalizedEmail
      LIMIT 2
info: Microsoft.EntityFrameworkCore.Database.Command[20101]
      Executed DbCommand (0ms) [Parameters=[@p0='?' (Size = 36), @p1='?' (Size = 36)], CommandType='Text', CommandTimeout='30']
      INSERT INTO "AspNetUserRoles" ("RoleId", "UserId")
      VALUES (@p0, @p1);
info: Microsoft.EntityFrameworkCore.Database.Command[20101]
      Executed DbCommand (0ms) [Parameters=[@p28='?' (Size = 36), @p0='?' (DbType = Int32), @p1='?', @p2='?' (Size = 36), @p29='?' (Size = 36), @p3='?', @p4='?' (Size = 22), @p5='?' (DbType = Boolean), @p6='?' (Size = 5), @p7='?' (Size = 5), @p8='?' (Size = 6), @p9='?' (DbType = Int32), @p10='?' (DbType = Boolean), @p11='?' (DbType = DateTimeOffset), @p12='?' (DbType = Int32), @p13='?' (Size = 22), @p14='?' (Size = 8), @p15='?' (Size = 84), @p16='?', @p17='?', @p18='?' (DbType = Boolean), @p19='?', @p20='?' (Size = 7), @p21='?' (DbType = Guid), @p22='?' (Size = 32), @p23='?' (Size = 37), @p24='?' (DbType = Guid), @p25='?' (Size = 17), @p26='?' (DbType = Boolean), @p27='?' (Size = 8)], CommandType='Text', CommandTimeout='30']
      UPDATE "AspNetUsers" SET "AccessFailedCount" = @p0, "Code" = @p1, "ConcurrencyStamp" = @p2, "DepartmentId" = @p3, "Email" = @p4, "EmailConfirmed" = @p5, "FirstName" = @p6, "Language" = @p7, "LastName" = @p8, "Level" = @p9, "LockoutEnabled" = @p10, "LockoutEnd" = @p11, "MaxCapacityPoints" = @p12, "NormalizedEmail" = @p13, "NormalizedUserName" = @p14, "PasswordHash" = @p15, "Phone" = @p16, "PhoneNumber" = @p17, "PhoneNumberConfirmed" = @p18, "ProfilePicturePath" = @p19, "Region" = @p20, "ResourceProjectId" = @p21, "SecurityStamp" = @p22, "Specializations" = @p23, "StakeholderProjectId" = @p24, "Team" = @p25, "TwoFactorEnabled" = @p26, "UserName" = @p27
      WHERE "Id" = @p28 AND "ConcurrencyStamp" = @p29
      RETURNING 1;
info: TicketMasala.Web.Data.Seeding.UserSeedStrategy[0]
      Created employee user: david.qa@localhost.dev
info: Microsoft.EntityFrameworkCore.Database.Command[20101]
      Executed DbCommand (0ms) [Parameters=[@normalizedUserName='?' (Size = 15)], CommandType='Text', CommandTimeout='30']
      SELECT "a"."Id", "a"."AccessFailedCount", "a"."Code", "a"."ConcurrencyStamp", "a"."Discriminator", "a"."Email", "a"."EmailConfirmed", "a"."FirstName", "a"."Language", "a"."LastName", "a"."LockoutEnabled", "a"."LockoutEnd", "a"."NormalizedEmail", "a"."NormalizedUserName", "a"."PasswordHash", "a"."Phone", "a"."PhoneNumber", "a"."PhoneNumberConfirmed", "a"."Region", "a"."SecurityStamp", "a"."StakeholderProjectId", "a"."TwoFactorEnabled", "a"."UserName", "a"."DepartmentId", "a"."Level", "a"."MaxCapacityPoints", "a"."ProfilePicturePath", "a"."ResourceProjectId", "a"."Specializations", "a"."Team"
      FROM "AspNetUsers" AS "a"
      WHERE "a"."NormalizedUserName" = @normalizedUserName
      LIMIT 1
info: Microsoft.EntityFrameworkCore.Database.Command[20101]
      Executed DbCommand (0ms) [Parameters=[@normalizedUserName='?' (Size = 15)], CommandType='Text', CommandTimeout='30']
      SELECT "a"."Id", "a"."AccessFailedCount", "a"."Code", "a"."ConcurrencyStamp", "a"."Discriminator", "a"."Email", "a"."EmailConfirmed", "a"."FirstName", "a"."Language", "a"."LastName", "a"."LockoutEnabled", "a"."LockoutEnd", "a"."NormalizedEmail", "a"."NormalizedUserName", "a"."PasswordHash", "a"."Phone", "a"."PhoneNumber", "a"."PhoneNumberConfirmed", "a"."Region", "a"."SecurityStamp", "a"."StakeholderProjectId", "a"."TwoFactorEnabled", "a"."UserName", "a"."DepartmentId", "a"."Level", "a"."MaxCapacityPoints", "a"."ProfilePicturePath", "a"."ResourceProjectId", "a"."Specializations", "a"."Team"
      FROM "AspNetUsers" AS "a"
      WHERE "a"."NormalizedUserName" = @normalizedUserName
      LIMIT 1
info: Microsoft.EntityFrameworkCore.Database.Command[20101]
      Executed DbCommand (0ms) [Parameters=[@normalizedEmail='?' (Size = 29)], CommandType='Text', CommandTimeout='30']
      SELECT "a"."Id", "a"."AccessFailedCount", "a"."Code", "a"."ConcurrencyStamp", "a"."Discriminator", "a"."Email", "a"."EmailConfirmed", "a"."FirstName", "a"."Language", "a"."LastName", "a"."LockoutEnabled", "a"."LockoutEnd", "a"."NormalizedEmail", "a"."NormalizedUserName", "a"."PasswordHash", "a"."Phone", "a"."PhoneNumber", "a"."PhoneNumberConfirmed", "a"."Region", "a"."SecurityStamp", "a"."StakeholderProjectId", "a"."TwoFactorEnabled", "a"."UserName", "a"."DepartmentId", "a"."Level", "a"."MaxCapacityPoints", "a"."ProfilePicturePath", "a"."ResourceProjectId", "a"."Specializations", "a"."Team"
      FROM "AspNetUsers" AS "a"
      WHERE "a"."NormalizedEmail" = @normalizedEmail
      LIMIT 2
info: Microsoft.EntityFrameworkCore.Database.Command[20101]
      Executed DbCommand (1ms) [Parameters=[@p0='?' (Size = 36), @p1='?' (DbType = Int32), @p2='?', @p3='?' (Size = 36), @p4='?', @p5='?' (Size = 8), @p6='?' (Size = 29), @p7='?' (DbType = Boolean), @p8='?' (Size = 6), @p9='?' (Size = 5), @p10='?' (Size = 4), @p11='?' (DbType = Int32), @p12='?' (DbType = Boolean), @p13='?' (DbType = DateTimeOffset), @p14='?' (DbType = Int32), @p15='?' (Size = 29), @p16='?' (Size = 15), @p17='?' (Size = 84), @p18='?', @p19='?', @p20='?' (DbType = Boolean), @p21='?', @p22='?' (Size = 6), @p23='?' (DbType = Guid), @p24='?' (Size = 32), @p25='?' (Size = 48), @p26='?' (DbType = Guid), @p27='?' (Size = 13), @p28='?' (DbType = Boolean), @p29='?' (Size = 15)], CommandType='Text', CommandTimeout='30']
      INSERT INTO "AspNetUsers" ("Id", "AccessFailedCount", "Code", "ConcurrencyStamp", "DepartmentId", "Discriminator", "Email", "EmailConfirmed", "FirstName", "Language", "LastName", "Level", "LockoutEnabled", "LockoutEnd", "MaxCapacityPoints", "NormalizedEmail", "NormalizedUserName", "PasswordHash", "Phone", "PhoneNumber", "PhoneNumberConfirmed", "ProfilePicturePath", "Region", "ResourceProjectId", "SecurityStamp", "Specializations", "StakeholderProjectId", "Team", "TwoFactorEnabled", "UserName")
      VALUES (@p0, @p1, @p2, @p3, @p4, @p5, @p6, @p7, @p8, @p9, @p10, @p11, @p12, @p13, @p14, @p15, @p16, @p17, @p18, @p19, @p20, @p21, @p22, @p23, @p24, @p25, @p26, @p27, @p28, @p29);
info: Microsoft.EntityFrameworkCore.Database.Command[20101]
      Executed DbCommand (0ms) [Parameters=[@normalizedRoleName='?' (Size = 8)], CommandType='Text', CommandTimeout='30']
      SELECT "a"."Id", "a"."ConcurrencyStamp", "a"."Name", "a"."NormalizedName"
      FROM "AspNetRoles" AS "a"
      WHERE "a"."NormalizedName" = @normalizedRoleName
      LIMIT 2
info: Microsoft.EntityFrameworkCore.Database.Command[20101]
      Executed DbCommand (0ms) [Parameters=[@p='?' (Size = 36), @p0='?' (Size = 36)], CommandType='Text', CommandTimeout='30']
      SELECT "a"."UserId", "a"."RoleId"
      FROM "AspNetUserRoles" AS "a"
      WHERE "a"."UserId" = @p AND "a"."RoleId" = @p0
      LIMIT 1
info: Microsoft.EntityFrameworkCore.Database.Command[20101]
      Executed DbCommand (0ms) [Parameters=[@normalizedRoleName='?' (Size = 8)], CommandType='Text', CommandTimeout='30']
      SELECT "a"."Id", "a"."ConcurrencyStamp", "a"."Name", "a"."NormalizedName"
      FROM "AspNetRoles" AS "a"
      WHERE "a"."NormalizedName" = @normalizedRoleName
      LIMIT 2
info: Microsoft.EntityFrameworkCore.Database.Command[20101]
      Executed DbCommand (0ms) [Parameters=[@normalizedUserName='?' (Size = 15)], CommandType='Text', CommandTimeout='30']
      SELECT "a"."Id", "a"."AccessFailedCount", "a"."Code", "a"."ConcurrencyStamp", "a"."Discriminator", "a"."Email", "a"."EmailConfirmed", "a"."FirstName", "a"."Language", "a"."LastName", "a"."LockoutEnabled", "a"."LockoutEnd", "a"."NormalizedEmail", "a"."NormalizedUserName", "a"."PasswordHash", "a"."Phone", "a"."PhoneNumber", "a"."PhoneNumberConfirmed", "a"."Region", "a"."SecurityStamp", "a"."StakeholderProjectId", "a"."TwoFactorEnabled", "a"."UserName", "a"."DepartmentId", "a"."Level", "a"."MaxCapacityPoints", "a"."ProfilePicturePath", "a"."ResourceProjectId", "a"."Specializations", "a"."Team"
      FROM "AspNetUsers" AS "a"
      WHERE "a"."NormalizedUserName" = @normalizedUserName
      LIMIT 1
info: Microsoft.EntityFrameworkCore.Database.Command[20101]
      Executed DbCommand (0ms) [Parameters=[@normalizedEmail='?' (Size = 29)], CommandType='Text', CommandTimeout='30']
      SELECT "a"."Id", "a"."AccessFailedCount", "a"."Code", "a"."ConcurrencyStamp", "a"."Discriminator", "a"."Email", "a"."EmailConfirmed", "a"."FirstName", "a"."Language", "a"."LastName", "a"."LockoutEnabled", "a"."LockoutEnd", "a"."NormalizedEmail", "a"."NormalizedUserName", "a"."PasswordHash", "a"."Phone", "a"."PhoneNumber", "a"."PhoneNumberConfirmed", "a"."Region", "a"."SecurityStamp", "a"."StakeholderProjectId", "a"."TwoFactorEnabled", "a"."UserName", "a"."DepartmentId", "a"."Level", "a"."MaxCapacityPoints", "a"."ProfilePicturePath", "a"."ResourceProjectId", "a"."Specializations", "a"."Team"
      FROM "AspNetUsers" AS "a"
      WHERE "a"."NormalizedEmail" = @normalizedEmail
      LIMIT 2
info: Microsoft.EntityFrameworkCore.Database.Command[20101]
      Executed DbCommand (0ms) [Parameters=[@p0='?' (Size = 36), @p1='?' (Size = 36)], CommandType='Text', CommandTimeout='30']
      INSERT INTO "AspNetUserRoles" ("RoleId", "UserId")
      VALUES (@p0, @p1);
info: Microsoft.EntityFrameworkCore.Database.Command[20101]
      Executed DbCommand (0ms) [Parameters=[@p28='?' (Size = 36), @p0='?' (DbType = Int32), @p1='?', @p2='?' (Size = 36), @p29='?' (Size = 36), @p3='?', @p4='?' (Size = 29), @p5='?' (DbType = Boolean), @p6='?' (Size = 6), @p7='?' (Size = 5), @p8='?' (Size = 4), @p9='?' (DbType = Int32), @p10='?' (DbType = Boolean), @p11='?' (DbType = DateTimeOffset), @p12='?' (DbType = Int32), @p13='?' (Size = 29), @p14='?' (Size = 15), @p15='?' (Size = 84), @p16='?', @p17='?', @p18='?' (DbType = Boolean), @p19='?', @p20='?' (Size = 6), @p21='?' (DbType = Guid), @p22='?' (Size = 32), @p23='?' (Size = 48), @p24='?' (DbType = Guid), @p25='?' (Size = 13), @p26='?' (DbType = Boolean), @p27='?' (Size = 15)], CommandType='Text', CommandTimeout='30']
      UPDATE "AspNetUsers" SET "AccessFailedCount" = @p0, "Code" = @p1, "ConcurrencyStamp" = @p2, "DepartmentId" = @p3, "Email" = @p4, "EmailConfirmed" = @p5, "FirstName" = @p6, "Language" = @p7, "LastName" = @p8, "Level" = @p9, "LockoutEnabled" = @p10, "LockoutEnd" = @p11, "MaxCapacityPoints" = @p12, "NormalizedEmail" = @p13, "NormalizedUserName" = @p14, "PasswordHash" = @p15, "Phone" = @p16, "PhoneNumber" = @p17, "PhoneNumberConfirmed" = @p18, "ProfilePicturePath" = @p19, "Region" = @p20, "ResourceProjectId" = @p21, "SecurityStamp" = @p22, "Specializations" = @p23, "StakeholderProjectId" = @p24, "Team" = @p25, "TwoFactorEnabled" = @p26, "UserName" = @p27
      WHERE "Id" = @p28 AND "ConcurrencyStamp" = @p29
      RETURNING 1;
info: TicketMasala.Web.Data.Seeding.UserSeedStrategy[0]
      Created employee user: rachel.security@localhost.dev
info: Microsoft.EntityFrameworkCore.Database.Command[20101]
      Executed DbCommand (0ms) [Parameters=[@normalizedUserName='?' (Size = 12)], CommandType='Text', CommandTimeout='30']
      SELECT "a"."Id", "a"."AccessFailedCount", "a"."Code", "a"."ConcurrencyStamp", "a"."Discriminator", "a"."Email", "a"."EmailConfirmed", "a"."FirstName", "a"."Language", "a"."LastName", "a"."LockoutEnabled", "a"."LockoutEnd", "a"."NormalizedEmail", "a"."NormalizedUserName", "a"."PasswordHash", "a"."Phone", "a"."PhoneNumber", "a"."PhoneNumberConfirmed", "a"."Region", "a"."SecurityStamp", "a"."StakeholderProjectId", "a"."TwoFactorEnabled", "a"."UserName", "a"."DepartmentId", "a"."Level", "a"."MaxCapacityPoints", "a"."ProfilePicturePath", "a"."ResourceProjectId", "a"."Specializations", "a"."Team"
      FROM "AspNetUsers" AS "a"
      WHERE "a"."NormalizedUserName" = @normalizedUserName
      LIMIT 1
info: Microsoft.EntityFrameworkCore.Database.Command[20101]
      Executed DbCommand (0ms) [Parameters=[@normalizedUserName='?' (Size = 12)], CommandType='Text', CommandTimeout='30']
      SELECT "a"."Id", "a"."AccessFailedCount", "a"."Code", "a"."ConcurrencyStamp", "a"."Discriminator", "a"."Email", "a"."EmailConfirmed", "a"."FirstName", "a"."Language", "a"."LastName", "a"."LockoutEnabled", "a"."LockoutEnd", "a"."NormalizedEmail", "a"."NormalizedUserName", "a"."PasswordHash", "a"."Phone", "a"."PhoneNumber", "a"."PhoneNumberConfirmed", "a"."Region", "a"."SecurityStamp", "a"."StakeholderProjectId", "a"."TwoFactorEnabled", "a"."UserName", "a"."DepartmentId", "a"."Level", "a"."MaxCapacityPoints", "a"."ProfilePicturePath", "a"."ResourceProjectId", "a"."Specializations", "a"."Team"
      FROM "AspNetUsers" AS "a"
      WHERE "a"."NormalizedUserName" = @normalizedUserName
      LIMIT 1
info: Microsoft.EntityFrameworkCore.Database.Command[20101]
      Executed DbCommand (0ms) [Parameters=[@normalizedEmail='?' (Size = 26)], CommandType='Text', CommandTimeout='30']
      SELECT "a"."Id", "a"."AccessFailedCount", "a"."Code", "a"."ConcurrencyStamp", "a"."Discriminator", "a"."Email", "a"."EmailConfirmed", "a"."FirstName", "a"."Language", "a"."LastName", "a"."LockoutEnabled", "a"."LockoutEnd", "a"."NormalizedEmail", "a"."NormalizedUserName", "a"."PasswordHash", "a"."Phone", "a"."PhoneNumber", "a"."PhoneNumberConfirmed", "a"."Region", "a"."SecurityStamp", "a"."StakeholderProjectId", "a"."TwoFactorEnabled", "a"."UserName", "a"."DepartmentId", "a"."Level", "a"."MaxCapacityPoints", "a"."ProfilePicturePath", "a"."ResourceProjectId", "a"."Specializations", "a"."Team"
      FROM "AspNetUsers" AS "a"
      WHERE "a"."NormalizedEmail" = @normalizedEmail
      LIMIT 2
info: Microsoft.EntityFrameworkCore.Database.Command[20101]
      Executed DbCommand (1ms) [Parameters=[@p0='?' (Size = 36), @p1='?' (DbType = Int32), @p2='?', @p3='?' (Size = 36), @p4='?', @p5='?' (Size = 8), @p6='?' (Size = 26), @p7='?' (DbType = Boolean), @p8='?' (Size = 5), @p9='?' (Size = 5), @p10='?' (Size = 8), @p11='?' (DbType = Int32), @p12='?' (DbType = Boolean), @p13='?' (DbType = DateTimeOffset), @p14='?' (DbType = Int32), @p15='?' (Size = 26), @p16='?' (Size = 12), @p17='?' (Size = 84), @p18='?', @p19='?', @p20='?' (DbType = Boolean), @p21='?', @p22='?' (Size = 6), @p23='?' (DbType = Guid), @p24='?' (Size = 32), @p25='?' (Size = 33), @p26='?' (DbType = Guid), @p27='?' (Size = 11), @p28='?' (DbType = Boolean), @p29='?' (Size = 12)], CommandType='Text', CommandTimeout='30']
      INSERT INTO "AspNetUsers" ("Id", "AccessFailedCount", "Code", "ConcurrencyStamp", "DepartmentId", "Discriminator", "Email", "EmailConfirmed", "FirstName", "Language", "LastName", "Level", "LockoutEnabled", "LockoutEnd", "MaxCapacityPoints", "NormalizedEmail", "NormalizedUserName", "PasswordHash", "Phone", "PhoneNumber", "PhoneNumberConfirmed", "ProfilePicturePath", "Region", "ResourceProjectId", "SecurityStamp", "Specializations", "StakeholderProjectId", "Team", "TwoFactorEnabled", "UserName")
      VALUES (@p0, @p1, @p2, @p3, @p4, @p5, @p6, @p7, @p8, @p9, @p10, @p11, @p12, @p13, @p14, @p15, @p16, @p17, @p18, @p19, @p20, @p21, @p22, @p23, @p24, @p25, @p26, @p27, @p28, @p29);
info: Microsoft.EntityFrameworkCore.Database.Command[20101]
      Executed DbCommand (0ms) [Parameters=[@normalizedRoleName='?' (Size = 8)], CommandType='Text', CommandTimeout='30']
      SELECT "a"."Id", "a"."ConcurrencyStamp", "a"."Name", "a"."NormalizedName"
      FROM "AspNetRoles" AS "a"
      WHERE "a"."NormalizedName" = @normalizedRoleName
      LIMIT 2
info: Microsoft.EntityFrameworkCore.Database.Command[20101]
      Executed DbCommand (0ms) [Parameters=[@p='?' (Size = 36), @p0='?' (Size = 36)], CommandType='Text', CommandTimeout='30']
      SELECT "a"."UserId", "a"."RoleId"
      FROM "AspNetUserRoles" AS "a"
      WHERE "a"."UserId" = @p AND "a"."RoleId" = @p0
      LIMIT 1
info: Microsoft.EntityFrameworkCore.Database.Command[20101]
      Executed DbCommand (0ms) [Parameters=[@normalizedRoleName='?' (Size = 8)], CommandType='Text', CommandTimeout='30']
      SELECT "a"."Id", "a"."ConcurrencyStamp", "a"."Name", "a"."NormalizedName"
      FROM "AspNetRoles" AS "a"
      WHERE "a"."NormalizedName" = @normalizedRoleName
      LIMIT 2
info: Microsoft.EntityFrameworkCore.Database.Command[20101]
      Executed DbCommand (0ms) [Parameters=[@normalizedUserName='?' (Size = 12)], CommandType='Text', CommandTimeout='30']
      SELECT "a"."Id", "a"."AccessFailedCount", "a"."Code", "a"."ConcurrencyStamp", "a"."Discriminator", "a"."Email", "a"."EmailConfirmed", "a"."FirstName", "a"."Language", "a"."LastName", "a"."LockoutEnabled", "a"."LockoutEnd", "a"."NormalizedEmail", "a"."NormalizedUserName", "a"."PasswordHash", "a"."Phone", "a"."PhoneNumber", "a"."PhoneNumberConfirmed", "a"."Region", "a"."SecurityStamp", "a"."StakeholderProjectId", "a"."TwoFactorEnabled", "a"."UserName", "a"."DepartmentId", "a"."Level", "a"."MaxCapacityPoints", "a"."ProfilePicturePath", "a"."ResourceProjectId", "a"."Specializations", "a"."Team"
      FROM "AspNetUsers" AS "a"
      WHERE "a"."NormalizedUserName" = @normalizedUserName
      LIMIT 1
info: Microsoft.EntityFrameworkCore.Database.Command[20101]
      Executed DbCommand (0ms) [Parameters=[@normalizedEmail='?' (Size = 26)], CommandType='Text', CommandTimeout='30']
      SELECT "a"."Id", "a"."AccessFailedCount", "a"."Code", "a"."ConcurrencyStamp", "a"."Discriminator", "a"."Email", "a"."EmailConfirmed", "a"."FirstName", "a"."Language", "a"."LastName", "a"."LockoutEnabled", "a"."LockoutEnd", "a"."NormalizedEmail", "a"."NormalizedUserName", "a"."PasswordHash", "a"."Phone", "a"."PhoneNumber", "a"."PhoneNumberConfirmed", "a"."Region", "a"."SecurityStamp", "a"."StakeholderProjectId", "a"."TwoFactorEnabled", "a"."UserName", "a"."DepartmentId", "a"."Level", "a"."MaxCapacityPoints", "a"."ProfilePicturePath", "a"."ResourceProjectId", "a"."Specializations", "a"."Team"
      FROM "AspNetUsers" AS "a"
      WHERE "a"."NormalizedEmail" = @normalizedEmail
      LIMIT 2
info: Microsoft.EntityFrameworkCore.Database.Command[20101]
      Executed DbCommand (0ms) [Parameters=[@p0='?' (Size = 36), @p1='?' (Size = 36)], CommandType='Text', CommandTimeout='30']
      INSERT INTO "AspNetUserRoles" ("RoleId", "UserId")
      VALUES (@p0, @p1);
info: Microsoft.EntityFrameworkCore.Database.Command[20101]
      Executed DbCommand (0ms) [Parameters=[@p28='?' (Size = 36), @p0='?' (DbType = Int32), @p1='?', @p2='?' (Size = 36), @p29='?' (Size = 36), @p3='?', @p4='?' (Size = 26), @p5='?' (DbType = Boolean), @p6='?' (Size = 5), @p7='?' (Size = 5), @p8='?' (Size = 8), @p9='?' (DbType = Int32), @p10='?' (DbType = Boolean), @p11='?' (DbType = DateTimeOffset), @p12='?' (DbType = Int32), @p13='?' (Size = 26), @p14='?' (Size = 12), @p15='?' (Size = 84), @p16='?', @p17='?', @p18='?' (DbType = Boolean), @p19='?', @p20='?' (Size = 6), @p21='?' (DbType = Guid), @p22='?' (Size = 32), @p23='?' (Size = 33), @p24='?' (DbType = Guid), @p25='?' (Size = 11), @p26='?' (DbType = Boolean), @p27='?' (Size = 12)], CommandType='Text', CommandTimeout='30']
      UPDATE "AspNetUsers" SET "AccessFailedCount" = @p0, "Code" = @p1, "ConcurrencyStamp" = @p2, "DepartmentId" = @p3, "Email" = @p4, "EmailConfirmed" = @p5, "FirstName" = @p6, "Language" = @p7, "LastName" = @p8, "Level" = @p9, "LockoutEnabled" = @p10, "LockoutEnd" = @p11, "MaxCapacityPoints" = @p12, "NormalizedEmail" = @p13, "NormalizedUserName" = @p14, "PasswordHash" = @p15, "Phone" = @p16, "PhoneNumber" = @p17, "PhoneNumberConfirmed" = @p18, "ProfilePicturePath" = @p19, "Region" = @p20, "ResourceProjectId" = @p21, "SecurityStamp" = @p22, "Specializations" = @p23, "StakeholderProjectId" = @p24, "Team" = @p25, "TwoFactorEnabled" = @p26, "UserName" = @p27
      WHERE "Id" = @p28 AND "ConcurrencyStamp" = @p29
      RETURNING 1;
info: TicketMasala.Web.Data.Seeding.UserSeedStrategy[0]
      Created employee user: james.devops@localhost.dev
info: Microsoft.EntityFrameworkCore.Database.Command[20101]
      Executed DbCommand (0ms) [Parameters=[@normalizedUserName='?' (Size = 12)], CommandType='Text', CommandTimeout='30']
      SELECT "a"."Id", "a"."AccessFailedCount", "a"."Code", "a"."ConcurrencyStamp", "a"."Discriminator", "a"."Email", "a"."EmailConfirmed", "a"."FirstName", "a"."Language", "a"."LastName", "a"."LockoutEnabled", "a"."LockoutEnd", "a"."NormalizedEmail", "a"."NormalizedUserName", "a"."PasswordHash", "a"."Phone", "a"."PhoneNumber", "a"."PhoneNumberConfirmed", "a"."Region", "a"."SecurityStamp", "a"."StakeholderProjectId", "a"."TwoFactorEnabled", "a"."UserName", "a"."DepartmentId", "a"."Level", "a"."MaxCapacityPoints", "a"."ProfilePicturePath", "a"."ResourceProjectId", "a"."Specializations", "a"."Team"
      FROM "AspNetUsers" AS "a"
      WHERE "a"."NormalizedUserName" = @normalizedUserName
      LIMIT 1
info: Microsoft.EntityFrameworkCore.Database.Command[20101]
      Executed DbCommand (0ms) [Parameters=[@normalizedUserName='?' (Size = 12)], CommandType='Text', CommandTimeout='30']
      SELECT "a"."Id", "a"."AccessFailedCount", "a"."Code", "a"."ConcurrencyStamp", "a"."Discriminator", "a"."Email", "a"."EmailConfirmed", "a"."FirstName", "a"."Language", "a"."LastName", "a"."LockoutEnabled", "a"."LockoutEnd", "a"."NormalizedEmail", "a"."NormalizedUserName", "a"."PasswordHash", "a"."Phone", "a"."PhoneNumber", "a"."PhoneNumberConfirmed", "a"."Region", "a"."SecurityStamp", "a"."StakeholderProjectId", "a"."TwoFactorEnabled", "a"."UserName", "a"."DepartmentId", "a"."Level", "a"."MaxCapacityPoints", "a"."ProfilePicturePath", "a"."ResourceProjectId", "a"."Specializations", "a"."Team"
      FROM "AspNetUsers" AS "a"
      WHERE "a"."NormalizedUserName" = @normalizedUserName
      LIMIT 1
info: Microsoft.EntityFrameworkCore.Database.Command[20101]
      Executed DbCommand (0ms) [Parameters=[@normalizedEmail='?' (Size = 26)], CommandType='Text', CommandTimeout='30']
      SELECT "a"."Id", "a"."AccessFailedCount", "a"."Code", "a"."ConcurrencyStamp", "a"."Discriminator", "a"."Email", "a"."EmailConfirmed", "a"."FirstName", "a"."Language", "a"."LastName", "a"."LockoutEnabled", "a"."LockoutEnd", "a"."NormalizedEmail", "a"."NormalizedUserName", "a"."PasswordHash", "a"."Phone", "a"."PhoneNumber", "a"."PhoneNumberConfirmed", "a"."Region", "a"."SecurityStamp", "a"."StakeholderProjectId", "a"."TwoFactorEnabled", "a"."UserName", "a"."DepartmentId", "a"."Level", "a"."MaxCapacityPoints", "a"."ProfilePicturePath", "a"."ResourceProjectId", "a"."Specializations", "a"."Team"
      FROM "AspNetUsers" AS "a"
      WHERE "a"."NormalizedEmail" = @normalizedEmail
      LIMIT 2
info: Microsoft.EntityFrameworkCore.Database.Command[20101]
      Executed DbCommand (1ms) [Parameters=[@p0='?' (Size = 36), @p1='?' (DbType = Int32), @p2='?', @p3='?' (Size = 36), @p4='?', @p5='?' (Size = 8), @p6='?' (Size = 26), @p7='?' (DbType = Boolean), @p8='?' (Size = 6), @p9='?' (Size = 5), @p10='?' (Size = 8), @p11='?' (DbType = Int32), @p12='?' (DbType = Boolean), @p13='?' (DbType = DateTimeOffset), @p14='?' (DbType = Int32), @p15='?' (Size = 26), @p16='?' (Size = 12), @p17='?' (Size = 84), @p18='?', @p19='?', @p20='?' (DbType = Boolean), @p21='?', @p22='?' (Size = 5), @p23='?' (DbType = Guid), @p24='?' (Size = 32), @p25='?' (Size = 35), @p26='?' (DbType = Guid), @p27='?' (Size = 10), @p28='?' (DbType = Boolean), @p29='?' (Size = 12)], CommandType='Text', CommandTimeout='30']
      INSERT INTO "AspNetUsers" ("Id", "AccessFailedCount", "Code", "ConcurrencyStamp", "DepartmentId", "Discriminator", "Email", "EmailConfirmed", "FirstName", "Language", "LastName", "Level", "LockoutEnabled", "LockoutEnd", "MaxCapacityPoints", "NormalizedEmail", "NormalizedUserName", "PasswordHash", "Phone", "PhoneNumber", "PhoneNumberConfirmed", "ProfilePicturePath", "Region", "ResourceProjectId", "SecurityStamp", "Specializations", "StakeholderProjectId", "Team", "TwoFactorEnabled", "UserName")
      VALUES (@p0, @p1, @p2, @p3, @p4, @p5, @p6, @p7, @p8, @p9, @p10, @p11, @p12, @p13, @p14, @p15, @p16, @p17, @p18, @p19, @p20, @p21, @p22, @p23, @p24, @p25, @p26, @p27, @p28, @p29);
info: Microsoft.EntityFrameworkCore.Database.Command[20101]
      Executed DbCommand (0ms) [Parameters=[@normalizedRoleName='?' (Size = 8)], CommandType='Text', CommandTimeout='30']
      SELECT "a"."Id", "a"."ConcurrencyStamp", "a"."Name", "a"."NormalizedName"
      FROM "AspNetRoles" AS "a"
      WHERE "a"."NormalizedName" = @normalizedRoleName
      LIMIT 2
info: Microsoft.EntityFrameworkCore.Database.Command[20101]
      Executed DbCommand (0ms) [Parameters=[@p='?' (Size = 36), @p0='?' (Size = 36)], CommandType='Text', CommandTimeout='30']
      SELECT "a"."UserId", "a"."RoleId"
      FROM "AspNetUserRoles" AS "a"
      WHERE "a"."UserId" = @p AND "a"."RoleId" = @p0
      LIMIT 1
info: Microsoft.EntityFrameworkCore.Database.Command[20101]
      Executed DbCommand (0ms) [Parameters=[@normalizedRoleName='?' (Size = 8)], CommandType='Text', CommandTimeout='30']
      SELECT "a"."Id", "a"."ConcurrencyStamp", "a"."Name", "a"."NormalizedName"
      FROM "AspNetRoles" AS "a"
      WHERE "a"."NormalizedName" = @normalizedRoleName
      LIMIT 2
info: Microsoft.EntityFrameworkCore.Database.Command[20101]
      Executed DbCommand (0ms) [Parameters=[@normalizedUserName='?' (Size = 12)], CommandType='Text', CommandTimeout='30']
      SELECT "a"."Id", "a"."AccessFailedCount", "a"."Code", "a"."ConcurrencyStamp", "a"."Discriminator", "a"."Email", "a"."EmailConfirmed", "a"."FirstName", "a"."Language", "a"."LastName", "a"."LockoutEnabled", "a"."LockoutEnd", "a"."NormalizedEmail", "a"."NormalizedUserName", "a"."PasswordHash", "a"."Phone", "a"."PhoneNumber", "a"."PhoneNumberConfirmed", "a"."Region", "a"."SecurityStamp", "a"."StakeholderProjectId", "a"."TwoFactorEnabled", "a"."UserName", "a"."DepartmentId", "a"."Level", "a"."MaxCapacityPoints", "a"."ProfilePicturePath", "a"."ResourceProjectId", "a"."Specializations", "a"."Team"
      FROM "AspNetUsers" AS "a"
      WHERE "a"."NormalizedUserName" = @normalizedUserName
      LIMIT 1
info: Microsoft.EntityFrameworkCore.Database.Command[20101]
      Executed DbCommand (0ms) [Parameters=[@normalizedEmail='?' (Size = 26)], CommandType='Text', CommandTimeout='30']
      SELECT "a"."Id", "a"."AccessFailedCount", "a"."Code", "a"."ConcurrencyStamp", "a"."Discriminator", "a"."Email", "a"."EmailConfirmed", "a"."FirstName", "a"."Language", "a"."LastName", "a"."LockoutEnabled", "a"."LockoutEnd", "a"."NormalizedEmail", "a"."NormalizedUserName", "a"."PasswordHash", "a"."Phone", "a"."PhoneNumber", "a"."PhoneNumberConfirmed", "a"."Region", "a"."SecurityStamp", "a"."StakeholderProjectId", "a"."TwoFactorEnabled", "a"."UserName", "a"."DepartmentId", "a"."Level", "a"."MaxCapacityPoints", "a"."ProfilePicturePath", "a"."ResourceProjectId", "a"."Specializations", "a"."Team"
      FROM "AspNetUsers" AS "a"
      WHERE "a"."NormalizedEmail" = @normalizedEmail
      LIMIT 2
info: Microsoft.EntityFrameworkCore.Database.Command[20101]
      Executed DbCommand (0ms) [Parameters=[@p0='?' (Size = 36), @p1='?' (Size = 36)], CommandType='Text', CommandTimeout='30']
      INSERT INTO "AspNetUserRoles" ("RoleId", "UserId")
      VALUES (@p0, @p1);
info: Microsoft.EntityFrameworkCore.Database.Command[20101]
      Executed DbCommand (0ms) [Parameters=[@p28='?' (Size = 36), @p0='?' (DbType = Int32), @p1='?', @p2='?' (Size = 36), @p29='?' (Size = 36), @p3='?', @p4='?' (Size = 26), @p5='?' (DbType = Boolean), @p6='?' (Size = 6), @p7='?' (Size = 5), @p8='?' (Size = 8), @p9='?' (DbType = Int32), @p10='?' (DbType = Boolean), @p11='?' (DbType = DateTimeOffset), @p12='?' (DbType = Int32), @p13='?' (Size = 26), @p14='?' (Size = 12), @p15='?' (Size = 84), @p16='?', @p17='?', @p18='?' (DbType = Boolean), @p19='?', @p20='?' (Size = 5), @p21='?' (DbType = Guid), @p22='?' (Size = 32), @p23='?' (Size = 35), @p24='?' (DbType = Guid), @p25='?' (Size = 10), @p26='?' (DbType = Boolean), @p27='?' (Size = 12)], CommandType='Text', CommandTimeout='30']
      UPDATE "AspNetUsers" SET "AccessFailedCount" = @p0, "Code" = @p1, "ConcurrencyStamp" = @p2, "DepartmentId" = @p3, "Email" = @p4, "EmailConfirmed" = @p5, "FirstName" = @p6, "Language" = @p7, "LastName" = @p8, "Level" = @p9, "LockoutEnabled" = @p10, "LockoutEnd" = @p11, "MaxCapacityPoints" = @p12, "NormalizedEmail" = @p13, "NormalizedUserName" = @p14, "PasswordHash" = @p15, "Phone" = @p16, "PhoneNumber" = @p17, "PhoneNumberConfirmed" = @p18, "ProfilePicturePath" = @p19, "Region" = @p20, "ResourceProjectId" = @p21, "SecurityStamp" = @p22, "Specializations" = @p23, "StakeholderProjectId" = @p24, "Team" = @p25, "TwoFactorEnabled" = @p26, "UserName" = @p27
      WHERE "Id" = @p28 AND "ConcurrencyStamp" = @p29
      RETURNING 1;
info: TicketMasala.Web.Data.Seeding.UserSeedStrategy[0]
      Created employee user: olivia.sales@localhost.dev
info: Microsoft.EntityFrameworkCore.Database.Command[20101]
      Executed DbCommand (0ms) [Parameters=[@normalizedUserName='?' (Size = 12)], CommandType='Text', CommandTimeout='30']
      SELECT "a"."Id", "a"."AccessFailedCount", "a"."Code", "a"."ConcurrencyStamp", "a"."Discriminator", "a"."Email", "a"."EmailConfirmed", "a"."FirstName", "a"."Language", "a"."LastName", "a"."LockoutEnabled", "a"."LockoutEnd", "a"."NormalizedEmail", "a"."NormalizedUserName", "a"."PasswordHash", "a"."Phone", "a"."PhoneNumber", "a"."PhoneNumberConfirmed", "a"."Region", "a"."SecurityStamp", "a"."StakeholderProjectId", "a"."TwoFactorEnabled", "a"."UserName", "a"."DepartmentId", "a"."Level", "a"."MaxCapacityPoints", "a"."ProfilePicturePath", "a"."ResourceProjectId", "a"."Specializations", "a"."Team"
      FROM "AspNetUsers" AS "a"
      WHERE "a"."NormalizedUserName" = @normalizedUserName
      LIMIT 1
info: Microsoft.EntityFrameworkCore.Database.Command[20101]
      Executed DbCommand (0ms) [Parameters=[@normalizedUserName='?' (Size = 12)], CommandType='Text', CommandTimeout='30']
      SELECT "a"."Id", "a"."AccessFailedCount", "a"."Code", "a"."ConcurrencyStamp", "a"."Discriminator", "a"."Email", "a"."EmailConfirmed", "a"."FirstName", "a"."Language", "a"."LastName", "a"."LockoutEnabled", "a"."LockoutEnd", "a"."NormalizedEmail", "a"."NormalizedUserName", "a"."PasswordHash", "a"."Phone", "a"."PhoneNumber", "a"."PhoneNumberConfirmed", "a"."Region", "a"."SecurityStamp", "a"."StakeholderProjectId", "a"."TwoFactorEnabled", "a"."UserName", "a"."DepartmentId", "a"."Level", "a"."MaxCapacityPoints", "a"."ProfilePicturePath", "a"."ResourceProjectId", "a"."Specializations", "a"."Team"
      FROM "AspNetUsers" AS "a"
      WHERE "a"."NormalizedUserName" = @normalizedUserName
      LIMIT 1
info: Microsoft.EntityFrameworkCore.Database.Command[20101]
      Executed DbCommand (0ms) [Parameters=[@normalizedEmail='?' (Size = 21)], CommandType='Text', CommandTimeout='30']
      SELECT "a"."Id", "a"."AccessFailedCount", "a"."Code", "a"."ConcurrencyStamp", "a"."Discriminator", "a"."Email", "a"."EmailConfirmed", "a"."FirstName", "a"."Language", "a"."LastName", "a"."LockoutEnabled", "a"."LockoutEnd", "a"."NormalizedEmail", "a"."NormalizedUserName", "a"."PasswordHash", "a"."Phone", "a"."PhoneNumber", "a"."PhoneNumberConfirmed", "a"."Region", "a"."SecurityStamp", "a"."StakeholderProjectId", "a"."TwoFactorEnabled", "a"."UserName", "a"."DepartmentId", "a"."Level", "a"."MaxCapacityPoints", "a"."ProfilePicturePath", "a"."ResourceProjectId", "a"."Specializations", "a"."Team"
      FROM "AspNetUsers" AS "a"
      WHERE "a"."NormalizedEmail" = @normalizedEmail
      LIMIT 2
info: Microsoft.EntityFrameworkCore.Database.Command[20101]
      Executed DbCommand (3ms) [Parameters=[@p0='?' (Size = 36), @p1='?' (DbType = Int32), @p2='?', @p3='?' (Size = 36), @p4='?', @p5='?' (Size = 8), @p6='?' (Size = 21), @p7='?' (DbType = Boolean), @p8='?' (Size = 5), @p9='?' (Size = 5), @p10='?' (Size = 2), @p11='?' (DbType = Int32), @p12='?' (DbType = Boolean), @p13='?' (DbType = DateTimeOffset), @p14='?' (DbType = Int32), @p15='?' (Size = 21), @p16='?' (Size = 12), @p17='?' (Size = 84), @p18='?', @p19='?', @p20='?' (DbType = Boolean), @p21='?', @p22='?' (Size = 6), @p23='?' (DbType = Guid), @p24='?' (Size = 32), @p25='?' (Size = 59), @p26='?' (DbType = Guid), @p27='?' (Size = 11), @p28='?' (DbType = Boolean), @p29='?' (Size = 12)], CommandType='Text', CommandTimeout='30']
      INSERT INTO "AspNetUsers" ("Id", "AccessFailedCount", "Code", "ConcurrencyStamp", "DepartmentId", "Discriminator", "Email", "EmailConfirmed", "FirstName", "Language", "LastName", "Level", "LockoutEnabled", "LockoutEnd", "MaxCapacityPoints", "NormalizedEmail", "NormalizedUserName", "PasswordHash", "Phone", "PhoneNumber", "PhoneNumberConfirmed", "ProfilePicturePath", "Region", "ResourceProjectId", "SecurityStamp", "Specializations", "StakeholderProjectId", "Team", "TwoFactorEnabled", "UserName")
      VALUES (@p0, @p1, @p2, @p3, @p4, @p5, @p6, @p7, @p8, @p9, @p10, @p11, @p12, @p13, @p14, @p15, @p16, @p17, @p18, @p19, @p20, @p21, @p22, @p23, @p24, @p25, @p26, @p27, @p28, @p29);
info: Microsoft.EntityFrameworkCore.Database.Command[20101]
      Executed DbCommand (0ms) [Parameters=[@normalizedRoleName='?' (Size = 8)], CommandType='Text', CommandTimeout='30']
      SELECT "a"."Id", "a"."ConcurrencyStamp", "a"."Name", "a"."NormalizedName"
      FROM "AspNetRoles" AS "a"
      WHERE "a"."NormalizedName" = @normalizedRoleName
      LIMIT 2
info: Microsoft.EntityFrameworkCore.Database.Command[20101]
      Executed DbCommand (0ms) [Parameters=[@p='?' (Size = 36), @p0='?' (Size = 36)], CommandType='Text', CommandTimeout='30']
      SELECT "a"."UserId", "a"."RoleId"
      FROM "AspNetUserRoles" AS "a"
      WHERE "a"."UserId" = @p AND "a"."RoleId" = @p0
      LIMIT 1
info: Microsoft.EntityFrameworkCore.Database.Command[20101]
      Executed DbCommand (0ms) [Parameters=[@normalizedRoleName='?' (Size = 8)], CommandType='Text', CommandTimeout='30']
      SELECT "a"."Id", "a"."ConcurrencyStamp", "a"."Name", "a"."NormalizedName"
      FROM "AspNetRoles" AS "a"
      WHERE "a"."NormalizedName" = @normalizedRoleName
      LIMIT 2
info: Microsoft.EntityFrameworkCore.Database.Command[20101]
      Executed DbCommand (0ms) [Parameters=[@normalizedUserName='?' (Size = 12)], CommandType='Text', CommandTimeout='30']
      SELECT "a"."Id", "a"."AccessFailedCount", "a"."Code", "a"."ConcurrencyStamp", "a"."Discriminator", "a"."Email", "a"."EmailConfirmed", "a"."FirstName", "a"."Language", "a"."LastName", "a"."LockoutEnabled", "a"."LockoutEnd", "a"."NormalizedEmail", "a"."NormalizedUserName", "a"."PasswordHash", "a"."Phone", "a"."PhoneNumber", "a"."PhoneNumberConfirmed", "a"."Region", "a"."SecurityStamp", "a"."StakeholderProjectId", "a"."TwoFactorEnabled", "a"."UserName", "a"."DepartmentId", "a"."Level", "a"."MaxCapacityPoints", "a"."ProfilePicturePath", "a"."ResourceProjectId", "a"."Specializations", "a"."Team"
      FROM "AspNetUsers" AS "a"
      WHERE "a"."NormalizedUserName" = @normalizedUserName
      LIMIT 1
info: Microsoft.EntityFrameworkCore.Database.Command[20101]
      Executed DbCommand (0ms) [Parameters=[@normalizedEmail='?' (Size = 21)], CommandType='Text', CommandTimeout='30']
      SELECT "a"."Id", "a"."AccessFailedCount", "a"."Code", "a"."ConcurrencyStamp", "a"."Discriminator", "a"."Email", "a"."EmailConfirmed", "a"."FirstName", "a"."Language", "a"."LastName", "a"."LockoutEnabled", "a"."LockoutEnd", "a"."NormalizedEmail", "a"."NormalizedUserName", "a"."PasswordHash", "a"."Phone", "a"."PhoneNumber", "a"."PhoneNumberConfirmed", "a"."Region", "a"."SecurityStamp", "a"."StakeholderProjectId", "a"."TwoFactorEnabled", "a"."UserName", "a"."DepartmentId", "a"."Level", "a"."MaxCapacityPoints", "a"."ProfilePicturePath", "a"."ResourceProjectId", "a"."Specializations", "a"."Team"
      FROM "AspNetUsers" AS "a"
      WHERE "a"."NormalizedEmail" = @normalizedEmail
      LIMIT 2
info: Microsoft.EntityFrameworkCore.Database.Command[20101]
      Executed DbCommand (0ms) [Parameters=[@p0='?' (Size = 36), @p1='?' (Size = 36)], CommandType='Text', CommandTimeout='30']
      INSERT INTO "AspNetUserRoles" ("RoleId", "UserId")
      VALUES (@p0, @p1);
info: Microsoft.EntityFrameworkCore.Database.Command[20101]
      Executed DbCommand (0ms) [Parameters=[@p28='?' (Size = 36), @p0='?' (DbType = Int32), @p1='?', @p2='?' (Size = 36), @p29='?' (Size = 36), @p3='?', @p4='?' (Size = 21), @p5='?' (DbType = Boolean), @p6='?' (Size = 5), @p7='?' (Size = 5), @p8='?' (Size = 2), @p9='?' (DbType = Int32), @p10='?' (DbType = Boolean), @p11='?' (DbType = DateTimeOffset), @p12='?' (DbType = Int32), @p13='?' (Size = 21), @p14='?' (Size = 12), @p15='?' (Size = 84), @p16='?', @p17='?', @p18='?' (DbType = Boolean), @p19='?', @p20='?' (Size = 6), @p21='?' (DbType = Guid), @p22='?' (Size = 32), @p23='?' (Size = 59), @p24='?' (DbType = Guid), @p25='?' (Size = 11), @p26='?' (DbType = Boolean), @p27='?' (Size = 12)], CommandType='Text', CommandTimeout='30']
      UPDATE "AspNetUsers" SET "AccessFailedCount" = @p0, "Code" = @p1, "ConcurrencyStamp" = @p2, "DepartmentId" = @p3, "Email" = @p4, "EmailConfirmed" = @p5, "FirstName" = @p6, "Language" = @p7, "LastName" = @p8, "Level" = @p9, "LockoutEnabled" = @p10, "LockoutEnd" = @p11, "MaxCapacityPoints" = @p12, "NormalizedEmail" = @p13, "NormalizedUserName" = @p14, "PasswordHash" = @p15, "Phone" = @p16, "PhoneNumber" = @p17, "PhoneNumberConfirmed" = @p18, "ProfilePicturePath" = @p19, "Region" = @p20, "ResourceProjectId" = @p21, "SecurityStamp" = @p22, "Specializations" = @p23, "StakeholderProjectId" = @p24, "Team" = @p25, "TwoFactorEnabled" = @p26, "UserName" = @p27
      WHERE "Id" = @p28 AND "ConcurrencyStamp" = @p29
      RETURNING 1;
info: TicketMasala.Web.Data.Seeding.UserSeedStrategy[0]
      Created employee user: gerda@ticketmasala.ai
info: Microsoft.EntityFrameworkCore.Database.Command[20101]
      Executed DbCommand (0ms) [Parameters=[@normalizedUserName='?' (Size = 14)], CommandType='Text', CommandTimeout='30']
      SELECT "a"."Id", "a"."AccessFailedCount", "a"."Code", "a"."ConcurrencyStamp", "a"."Discriminator", "a"."Email", "a"."EmailConfirmed", "a"."FirstName", "a"."Language", "a"."LastName", "a"."LockoutEnabled", "a"."LockoutEnd", "a"."NormalizedEmail", "a"."NormalizedUserName", "a"."PasswordHash", "a"."Phone", "a"."PhoneNumber", "a"."PhoneNumberConfirmed", "a"."Region", "a"."SecurityStamp", "a"."StakeholderProjectId", "a"."TwoFactorEnabled", "a"."UserName", "a"."DepartmentId", "a"."Level", "a"."MaxCapacityPoints", "a"."ProfilePicturePath", "a"."ResourceProjectId", "a"."Specializations", "a"."Team"
      FROM "AspNetUsers" AS "a"
      WHERE "a"."NormalizedUserName" = @normalizedUserName
      LIMIT 1
info: Microsoft.EntityFrameworkCore.Database.Command[20101]
      Executed DbCommand (0ms) [Parameters=[@normalizedUserName='?' (Size = 14)], CommandType='Text', CommandTimeout='30']
      SELECT "a"."Id", "a"."AccessFailedCount", "a"."Code", "a"."ConcurrencyStamp", "a"."Discriminator", "a"."Email", "a"."EmailConfirmed", "a"."FirstName", "a"."Language", "a"."LastName", "a"."LockoutEnabled", "a"."LockoutEnd", "a"."NormalizedEmail", "a"."NormalizedUserName", "a"."PasswordHash", "a"."Phone", "a"."PhoneNumber", "a"."PhoneNumberConfirmed", "a"."Region", "a"."SecurityStamp", "a"."StakeholderProjectId", "a"."TwoFactorEnabled", "a"."UserName", "a"."DepartmentId", "a"."Level", "a"."MaxCapacityPoints", "a"."ProfilePicturePath", "a"."ResourceProjectId", "a"."Specializations", "a"."Team"
      FROM "AspNetUsers" AS "a"
      WHERE "a"."NormalizedUserName" = @normalizedUserName
      LIMIT 1
info: Microsoft.EntityFrameworkCore.Database.Command[20101]
      Executed DbCommand (0ms) [Parameters=[@normalizedEmail='?' (Size = 17)], CommandType='Text', CommandTimeout='30']
      SELECT "a"."Id", "a"."AccessFailedCount", "a"."Code", "a"."ConcurrencyStamp", "a"."Discriminator", "a"."Email", "a"."EmailConfirmed", "a"."FirstName", "a"."Language", "a"."LastName", "a"."LockoutEnabled", "a"."LockoutEnd", "a"."NormalizedEmail", "a"."NormalizedUserName", "a"."PasswordHash", "a"."Phone", "a"."PhoneNumber", "a"."PhoneNumberConfirmed", "a"."Region", "a"."SecurityStamp", "a"."StakeholderProjectId", "a"."TwoFactorEnabled", "a"."UserName", "a"."DepartmentId", "a"."Level", "a"."MaxCapacityPoints", "a"."ProfilePicturePath", "a"."ResourceProjectId", "a"."Specializations", "a"."Team"
      FROM "AspNetUsers" AS "a"
      WHERE "a"."NormalizedEmail" = @normalizedEmail
      LIMIT 2
info: Microsoft.EntityFrameworkCore.Database.Command[20101]
      Executed DbCommand (1ms) [Parameters=[@p0='?' (Size = 36), @p1='?' (DbType = Int32), @p2='?' (Size = 7), @p3='?' (Size = 36), @p4='?' (Size = 15), @p5='?' (Size = 17), @p6='?' (DbType = Boolean), @p7='?' (Size = 5), @p8='?', @p9='?' (Size = 7), @p10='?' (DbType = Boolean), @p11='?' (DbType = DateTimeOffset), @p12='?' (Size = 17), @p13='?' (Size = 14), @p14='?' (Size = 84), @p15='?' (Size = 15), @p16='?', @p17='?' (DbType = Boolean), @p18='?', @p19='?' (Size = 32), @p20='?' (DbType = Guid), @p21='?' (DbType = Boolean), @p22='?' (Size = 14)], CommandType='Text', CommandTimeout='30']
      INSERT INTO "AspNetUsers" ("Id", "AccessFailedCount", "Code", "ConcurrencyStamp", "Discriminator", "Email", "EmailConfirmed", "FirstName", "Language", "LastName", "LockoutEnabled", "LockoutEnd", "NormalizedEmail", "NormalizedUserName", "PasswordHash", "Phone", "PhoneNumber", "PhoneNumberConfirmed", "Region", "SecurityStamp", "StakeholderProjectId", "TwoFactorEnabled", "UserName")
      VALUES (@p0, @p1, @p2, @p3, @p4, @p5, @p6, @p7, @p8, @p9, @p10, @p11, @p12, @p13, @p14, @p15, @p16, @p17, @p18, @p19, @p20, @p21, @p22);
info: Microsoft.EntityFrameworkCore.Database.Command[20101]
      Executed DbCommand (0ms) [Parameters=[@normalizedRoleName='?' (Size = 8)], CommandType='Text', CommandTimeout='30']
      SELECT "a"."Id", "a"."ConcurrencyStamp", "a"."Name", "a"."NormalizedName"
      FROM "AspNetRoles" AS "a"
      WHERE "a"."NormalizedName" = @normalizedRoleName
      LIMIT 2
info: Microsoft.EntityFrameworkCore.Database.Command[20101]
      Executed DbCommand (0ms) [Parameters=[@p='?' (Size = 36), @p0='?' (Size = 36)], CommandType='Text', CommandTimeout='30']
      SELECT "a"."UserId", "a"."RoleId"
      FROM "AspNetUserRoles" AS "a"
      WHERE "a"."UserId" = @p AND "a"."RoleId" = @p0
      LIMIT 1
info: Microsoft.EntityFrameworkCore.Database.Command[20101]
      Executed DbCommand (0ms) [Parameters=[@normalizedRoleName='?' (Size = 8)], CommandType='Text', CommandTimeout='30']
      SELECT "a"."Id", "a"."ConcurrencyStamp", "a"."Name", "a"."NormalizedName"
      FROM "AspNetRoles" AS "a"
      WHERE "a"."NormalizedName" = @normalizedRoleName
      LIMIT 2
info: Microsoft.EntityFrameworkCore.Database.Command[20101]
      Executed DbCommand (0ms) [Parameters=[@normalizedUserName='?' (Size = 14)], CommandType='Text', CommandTimeout='30']
      SELECT "a"."Id", "a"."AccessFailedCount", "a"."Code", "a"."ConcurrencyStamp", "a"."Discriminator", "a"."Email", "a"."EmailConfirmed", "a"."FirstName", "a"."Language", "a"."LastName", "a"."LockoutEnabled", "a"."LockoutEnd", "a"."NormalizedEmail", "a"."NormalizedUserName", "a"."PasswordHash", "a"."Phone", "a"."PhoneNumber", "a"."PhoneNumberConfirmed", "a"."Region", "a"."SecurityStamp", "a"."StakeholderProjectId", "a"."TwoFactorEnabled", "a"."UserName", "a"."DepartmentId", "a"."Level", "a"."MaxCapacityPoints", "a"."ProfilePicturePath", "a"."ResourceProjectId", "a"."Specializations", "a"."Team"
      FROM "AspNetUsers" AS "a"
      WHERE "a"."NormalizedUserName" = @normalizedUserName
      LIMIT 1
info: Microsoft.EntityFrameworkCore.Database.Command[20101]
      Executed DbCommand (0ms) [Parameters=[@normalizedEmail='?' (Size = 17)], CommandType='Text', CommandTimeout='30']
      SELECT "a"."Id", "a"."AccessFailedCount", "a"."Code", "a"."ConcurrencyStamp", "a"."Discriminator", "a"."Email", "a"."EmailConfirmed", "a"."FirstName", "a"."Language", "a"."LastName", "a"."LockoutEnabled", "a"."LockoutEnd", "a"."NormalizedEmail", "a"."NormalizedUserName", "a"."PasswordHash", "a"."Phone", "a"."PhoneNumber", "a"."PhoneNumberConfirmed", "a"."Region", "a"."SecurityStamp", "a"."StakeholderProjectId", "a"."TwoFactorEnabled", "a"."UserName", "a"."DepartmentId", "a"."Level", "a"."MaxCapacityPoints", "a"."ProfilePicturePath", "a"."ResourceProjectId", "a"."Specializations", "a"."Team"
      FROM "AspNetUsers" AS "a"
      WHERE "a"."NormalizedEmail" = @normalizedEmail
      LIMIT 2
info: Microsoft.EntityFrameworkCore.Database.Command[20101]
      Executed DbCommand (0ms) [Parameters=[@p0='?' (Size = 36), @p1='?' (Size = 36)], CommandType='Text', CommandTimeout='30']
      INSERT INTO "AspNetUserRoles" ("RoleId", "UserId")
      VALUES (@p0, @p1);
info: Microsoft.EntityFrameworkCore.Database.Command[20101]
      Executed DbCommand (0ms) [Parameters=[@p21='?' (Size = 36), @p0='?' (DbType = Int32), @p1='?' (Size = 7), @p2='?' (Size = 36), @p22='?' (Size = 36), @p3='?' (Size = 17), @p4='?' (DbType = Boolean), @p5='?' (Size = 5), @p6='?', @p7='?' (Size = 7), @p8='?' (DbType = Boolean), @p9='?' (DbType = DateTimeOffset), @p10='?' (Size = 17), @p11='?' (Size = 14), @p12='?' (Size = 84), @p13='?' (Size = 15), @p14='?', @p15='?' (DbType = Boolean), @p16='?', @p17='?' (Size = 32), @p18='?' (DbType = Guid), @p19='?' (DbType = Boolean), @p20='?' (Size = 14)], CommandType='Text', CommandTimeout='30']
      UPDATE "AspNetUsers" SET "AccessFailedCount" = @p0, "Code" = @p1, "ConcurrencyStamp" = @p2, "Email" = @p3, "EmailConfirmed" = @p4, "FirstName" = @p5, "Language" = @p6, "LastName" = @p7, "LockoutEnabled" = @p8, "LockoutEnd" = @p9, "NormalizedEmail" = @p10, "NormalizedUserName" = @p11, "PasswordHash" = @p12, "Phone" = @p13, "PhoneNumber" = @p14, "PhoneNumberConfirmed" = @p15, "Region" = @p16, "SecurityStamp" = @p17, "StakeholderProjectId" = @p18, "TwoFactorEnabled" = @p19, "UserName" = @p20
      WHERE "Id" = @p21 AND "ConcurrencyStamp" = @p22
      RETURNING 1;
info: TicketMasala.Web.Data.Seeding.UserSeedStrategy[0]
      Created Customer user: alice@example.com
info: Microsoft.EntityFrameworkCore.Database.Command[20101]
      Executed DbCommand (0ms) [Parameters=[@normalizedUserName='?' (Size = 12)], CommandType='Text', CommandTimeout='30']
      SELECT "a"."Id", "a"."AccessFailedCount", "a"."Code", "a"."ConcurrencyStamp", "a"."Discriminator", "a"."Email", "a"."EmailConfirmed", "a"."FirstName", "a"."Language", "a"."LastName", "a"."LockoutEnabled", "a"."LockoutEnd", "a"."NormalizedEmail", "a"."NormalizedUserName", "a"."PasswordHash", "a"."Phone", "a"."PhoneNumber", "a"."PhoneNumberConfirmed", "a"."Region", "a"."SecurityStamp", "a"."StakeholderProjectId", "a"."TwoFactorEnabled", "a"."UserName", "a"."DepartmentId", "a"."Level", "a"."MaxCapacityPoints", "a"."ProfilePicturePath", "a"."ResourceProjectId", "a"."Specializations", "a"."Team"
      FROM "AspNetUsers" AS "a"
      WHERE "a"."NormalizedUserName" = @normalizedUserName
      LIMIT 1
info: Microsoft.EntityFrameworkCore.Database.Command[20101]
      Executed DbCommand (0ms) [Parameters=[@normalizedUserName='?' (Size = 12)], CommandType='Text', CommandTimeout='30']
      SELECT "a"."Id", "a"."AccessFailedCount", "a"."Code", "a"."ConcurrencyStamp", "a"."Discriminator", "a"."Email", "a"."EmailConfirmed", "a"."FirstName", "a"."Language", "a"."LastName", "a"."LockoutEnabled", "a"."LockoutEnd", "a"."NormalizedEmail", "a"."NormalizedUserName", "a"."PasswordHash", "a"."Phone", "a"."PhoneNumber", "a"."PhoneNumberConfirmed", "a"."Region", "a"."SecurityStamp", "a"."StakeholderProjectId", "a"."TwoFactorEnabled", "a"."UserName", "a"."DepartmentId", "a"."Level", "a"."MaxCapacityPoints", "a"."ProfilePicturePath", "a"."ResourceProjectId", "a"."Specializations", "a"."Team"
      FROM "AspNetUsers" AS "a"
      WHERE "a"."NormalizedUserName" = @normalizedUserName
      LIMIT 1
info: Microsoft.EntityFrameworkCore.Database.Command[20101]
      Executed DbCommand (0ms) [Parameters=[@normalizedEmail='?' (Size = 15)], CommandType='Text', CommandTimeout='30']
      SELECT "a"."Id", "a"."AccessFailedCount", "a"."Code", "a"."ConcurrencyStamp", "a"."Discriminator", "a"."Email", "a"."EmailConfirmed", "a"."FirstName", "a"."Language", "a"."LastName", "a"."LockoutEnabled", "a"."LockoutEnd", "a"."NormalizedEmail", "a"."NormalizedUserName", "a"."PasswordHash", "a"."Phone", "a"."PhoneNumber", "a"."PhoneNumberConfirmed", "a"."Region", "a"."SecurityStamp", "a"."StakeholderProjectId", "a"."TwoFactorEnabled", "a"."UserName", "a"."DepartmentId", "a"."Level", "a"."MaxCapacityPoints", "a"."ProfilePicturePath", "a"."ResourceProjectId", "a"."Specializations", "a"."Team"
      FROM "AspNetUsers" AS "a"
      WHERE "a"."NormalizedEmail" = @normalizedEmail
      LIMIT 2
info: Microsoft.EntityFrameworkCore.Database.Command[20101]
      Executed DbCommand (1ms) [Parameters=[@p0='?' (Size = 36), @p1='?' (DbType = Int32), @p2='?' (Size = 7), @p3='?' (Size = 36), @p4='?' (Size = 15), @p5='?' (Size = 15), @p6='?' (DbType = Boolean), @p7='?' (Size = 3), @p8='?', @p9='?' (Size = 5), @p10='?' (DbType = Boolean), @p11='?' (DbType = DateTimeOffset), @p12='?' (Size = 15), @p13='?' (Size = 12), @p14='?' (Size = 84), @p15='?' (Size = 15), @p16='?', @p17='?' (DbType = Boolean), @p18='?', @p19='?' (Size = 32), @p20='?' (DbType = Guid), @p21='?' (DbType = Boolean), @p22='?' (Size = 12)], CommandType='Text', CommandTimeout='30']
      INSERT INTO "AspNetUsers" ("Id", "AccessFailedCount", "Code", "ConcurrencyStamp", "Discriminator", "Email", "EmailConfirmed", "FirstName", "Language", "LastName", "LockoutEnabled", "LockoutEnd", "NormalizedEmail", "NormalizedUserName", "PasswordHash", "Phone", "PhoneNumber", "PhoneNumberConfirmed", "Region", "SecurityStamp", "StakeholderProjectId", "TwoFactorEnabled", "UserName")
      VALUES (@p0, @p1, @p2, @p3, @p4, @p5, @p6, @p7, @p8, @p9, @p10, @p11, @p12, @p13, @p14, @p15, @p16, @p17, @p18, @p19, @p20, @p21, @p22);
info: Microsoft.EntityFrameworkCore.Database.Command[20101]
      Executed DbCommand (0ms) [Parameters=[@normalizedRoleName='?' (Size = 8)], CommandType='Text', CommandTimeout='30']
      SELECT "a"."Id", "a"."ConcurrencyStamp", "a"."Name", "a"."NormalizedName"
      FROM "AspNetRoles" AS "a"
      WHERE "a"."NormalizedName" = @normalizedRoleName
      LIMIT 2
info: Microsoft.EntityFrameworkCore.Database.Command[20101]
      Executed DbCommand (0ms) [Parameters=[@p='?' (Size = 36), @p0='?' (Size = 36)], CommandType='Text', CommandTimeout='30']
      SELECT "a"."UserId", "a"."RoleId"
      FROM "AspNetUserRoles" AS "a"
      WHERE "a"."UserId" = @p AND "a"."RoleId" = @p0
      LIMIT 1
info: Microsoft.EntityFrameworkCore.Database.Command[20101]
      Executed DbCommand (0ms) [Parameters=[@normalizedRoleName='?' (Size = 8)], CommandType='Text', CommandTimeout='30']
      SELECT "a"."Id", "a"."ConcurrencyStamp", "a"."Name", "a"."NormalizedName"
      FROM "AspNetRoles" AS "a"
      WHERE "a"."NormalizedName" = @normalizedRoleName
      LIMIT 2
info: Microsoft.EntityFrameworkCore.Database.Command[20101]
      Executed DbCommand (0ms) [Parameters=[@normalizedUserName='?' (Size = 12)], CommandType='Text', CommandTimeout='30']
      SELECT "a"."Id", "a"."AccessFailedCount", "a"."Code", "a"."ConcurrencyStamp", "a"."Discriminator", "a"."Email", "a"."EmailConfirmed", "a"."FirstName", "a"."Language", "a"."LastName", "a"."LockoutEnabled", "a"."LockoutEnd", "a"."NormalizedEmail", "a"."NormalizedUserName", "a"."PasswordHash", "a"."Phone", "a"."PhoneNumber", "a"."PhoneNumberConfirmed", "a"."Region", "a"."SecurityStamp", "a"."StakeholderProjectId", "a"."TwoFactorEnabled", "a"."UserName", "a"."DepartmentId", "a"."Level", "a"."MaxCapacityPoints", "a"."ProfilePicturePath", "a"."ResourceProjectId", "a"."Specializations", "a"."Team"
      FROM "AspNetUsers" AS "a"
      WHERE "a"."NormalizedUserName" = @normalizedUserName
      LIMIT 1
info: Microsoft.EntityFrameworkCore.Database.Command[20101]
      Executed DbCommand (0ms) [Parameters=[@normalizedEmail='?' (Size = 15)], CommandType='Text', CommandTimeout='30']
      SELECT "a"."Id", "a"."AccessFailedCount", "a"."Code", "a"."ConcurrencyStamp", "a"."Discriminator", "a"."Email", "a"."EmailConfirmed", "a"."FirstName", "a"."Language", "a"."LastName", "a"."LockoutEnabled", "a"."LockoutEnd", "a"."NormalizedEmail", "a"."NormalizedUserName", "a"."PasswordHash", "a"."Phone", "a"."PhoneNumber", "a"."PhoneNumberConfirmed", "a"."Region", "a"."SecurityStamp", "a"."StakeholderProjectId", "a"."TwoFactorEnabled", "a"."UserName", "a"."DepartmentId", "a"."Level", "a"."MaxCapacityPoints", "a"."ProfilePicturePath", "a"."ResourceProjectId", "a"."Specializations", "a"."Team"
      FROM "AspNetUsers" AS "a"
      WHERE "a"."NormalizedEmail" = @normalizedEmail
      LIMIT 2
info: Microsoft.EntityFrameworkCore.Database.Command[20101]
      Executed DbCommand (0ms) [Parameters=[@p0='?' (Size = 36), @p1='?' (Size = 36)], CommandType='Text', CommandTimeout='30']
      INSERT INTO "AspNetUserRoles" ("RoleId", "UserId")
      VALUES (@p0, @p1);
info: Microsoft.EntityFrameworkCore.Database.Command[20101]
      Executed DbCommand (0ms) [Parameters=[@p21='?' (Size = 36), @p0='?' (DbType = Int32), @p1='?' (Size = 7), @p2='?' (Size = 36), @p22='?' (Size = 36), @p3='?' (Size = 15), @p4='?' (DbType = Boolean), @p5='?' (Size = 3), @p6='?', @p7='?' (Size = 5), @p8='?' (DbType = Boolean), @p9='?' (DbType = DateTimeOffset), @p10='?' (Size = 15), @p11='?' (Size = 12), @p12='?' (Size = 84), @p13='?' (Size = 15), @p14='?', @p15='?' (DbType = Boolean), @p16='?', @p17='?' (Size = 32), @p18='?' (DbType = Guid), @p19='?' (DbType = Boolean), @p20='?' (Size = 12)], CommandType='Text', CommandTimeout='30']
      UPDATE "AspNetUsers" SET "AccessFailedCount" = @p0, "Code" = @p1, "ConcurrencyStamp" = @p2, "Email" = @p3, "EmailConfirmed" = @p4, "FirstName" = @p5, "Language" = @p6, "LastName" = @p7, "LockoutEnabled" = @p8, "LockoutEnd" = @p9, "NormalizedEmail" = @p10, "NormalizedUserName" = @p11, "PasswordHash" = @p12, "Phone" = @p13, "PhoneNumber" = @p14, "PhoneNumberConfirmed" = @p15, "Region" = @p16, "SecurityStamp" = @p17, "StakeholderProjectId" = @p18, "TwoFactorEnabled" = @p19, "UserName" = @p20
      WHERE "Id" = @p21 AND "ConcurrencyStamp" = @p22
      RETURNING 1;
info: TicketMasala.Web.Data.Seeding.UserSeedStrategy[0]
      Created Customer user: bob@company.com
info: Microsoft.EntityFrameworkCore.Database.Command[20101]
      Executed DbCommand (0ms) [Parameters=[@normalizedUserName='?' (Size = 14)], CommandType='Text', CommandTimeout='30']
      SELECT "a"."Id", "a"."AccessFailedCount", "a"."Code", "a"."ConcurrencyStamp", "a"."Discriminator", "a"."Email", "a"."EmailConfirmed", "a"."FirstName", "a"."Language", "a"."LastName", "a"."LockoutEnabled", "a"."LockoutEnd", "a"."NormalizedEmail", "a"."NormalizedUserName", "a"."PasswordHash", "a"."Phone", "a"."PhoneNumber", "a"."PhoneNumberConfirmed", "a"."Region", "a"."SecurityStamp", "a"."StakeholderProjectId", "a"."TwoFactorEnabled", "a"."UserName", "a"."DepartmentId", "a"."Level", "a"."MaxCapacityPoints", "a"."ProfilePicturePath", "a"."ResourceProjectId", "a"."Specializations", "a"."Team"
      FROM "AspNetUsers" AS "a"
      WHERE "a"."NormalizedUserName" = @normalizedUserName
      LIMIT 1
info: Microsoft.EntityFrameworkCore.Database.Command[20101]
      Executed DbCommand (0ms) [Parameters=[@normalizedUserName='?' (Size = 14)], CommandType='Text', CommandTimeout='30']
      SELECT "a"."Id", "a"."AccessFailedCount", "a"."Code", "a"."ConcurrencyStamp", "a"."Discriminator", "a"."Email", "a"."EmailConfirmed", "a"."FirstName", "a"."Language", "a"."LastName", "a"."LockoutEnabled", "a"."LockoutEnd", "a"."NormalizedEmail", "a"."NormalizedUserName", "a"."PasswordHash", "a"."Phone", "a"."PhoneNumber", "a"."PhoneNumberConfirmed", "a"."Region", "a"."SecurityStamp", "a"."StakeholderProjectId", "a"."TwoFactorEnabled", "a"."UserName", "a"."DepartmentId", "a"."Level", "a"."MaxCapacityPoints", "a"."ProfilePicturePath", "a"."ResourceProjectId", "a"."Specializations", "a"."Team"
      FROM "AspNetUsers" AS "a"
      WHERE "a"."NormalizedUserName" = @normalizedUserName
      LIMIT 1
info: Microsoft.EntityFrameworkCore.Database.Command[20101]
      Executed DbCommand (0ms) [Parameters=[@normalizedEmail='?' (Size = 17)], CommandType='Text', CommandTimeout='30']
      SELECT "a"."Id", "a"."AccessFailedCount", "a"."Code", "a"."ConcurrencyStamp", "a"."Discriminator", "a"."Email", "a"."EmailConfirmed", "a"."FirstName", "a"."Language", "a"."LastName", "a"."LockoutEnabled", "a"."LockoutEnd", "a"."NormalizedEmail", "a"."NormalizedUserName", "a"."PasswordHash", "a"."Phone", "a"."PhoneNumber", "a"."PhoneNumberConfirmed", "a"."Region", "a"."SecurityStamp", "a"."StakeholderProjectId", "a"."TwoFactorEnabled", "a"."UserName", "a"."DepartmentId", "a"."Level", "a"."MaxCapacityPoints", "a"."ProfilePicturePath", "a"."ResourceProjectId", "a"."Specializations", "a"."Team"
      FROM "AspNetUsers" AS "a"
      WHERE "a"."NormalizedEmail" = @normalizedEmail
      LIMIT 2
info: Microsoft.EntityFrameworkCore.Database.Command[20101]
      Executed DbCommand (1ms) [Parameters=[@p0='?' (Size = 36), @p1='?' (DbType = Int32), @p2='?' (Size = 7), @p3='?' (Size = 36), @p4='?' (Size = 15), @p5='?' (Size = 17), @p6='?' (DbType = Boolean), @p7='?' (Size = 5), @p8='?', @p9='?' (Size = 5), @p10='?' (DbType = Boolean), @p11='?' (DbType = DateTimeOffset), @p12='?' (Size = 17), @p13='?' (Size = 14), @p14='?' (Size = 84), @p15='?' (Size = 15), @p16='?', @p17='?' (DbType = Boolean), @p18='?', @p19='?' (Size = 32), @p20='?' (DbType = Guid), @p21='?' (DbType = Boolean), @p22='?' (Size = 14)], CommandType='Text', CommandTimeout='30']
      INSERT INTO "AspNetUsers" ("Id", "AccessFailedCount", "Code", "ConcurrencyStamp", "Discriminator", "Email", "EmailConfirmed", "FirstName", "Language", "LastName", "LockoutEnabled", "LockoutEnd", "NormalizedEmail", "NormalizedUserName", "PasswordHash", "Phone", "PhoneNumber", "PhoneNumberConfirmed", "Region", "SecurityStamp", "StakeholderProjectId", "TwoFactorEnabled", "UserName")
      VALUES (@p0, @p1, @p2, @p3, @p4, @p5, @p6, @p7, @p8, @p9, @p10, @p11, @p12, @p13, @p14, @p15, @p16, @p17, @p18, @p19, @p20, @p21, @p22);
info: Microsoft.EntityFrameworkCore.Database.Command[20101]
      Executed DbCommand (0ms) [Parameters=[@normalizedRoleName='?' (Size = 8)], CommandType='Text', CommandTimeout='30']
      SELECT "a"."Id", "a"."ConcurrencyStamp", "a"."Name", "a"."NormalizedName"
      FROM "AspNetRoles" AS "a"
      WHERE "a"."NormalizedName" = @normalizedRoleName
      LIMIT 2
info: Microsoft.EntityFrameworkCore.Database.Command[20101]
      Executed DbCommand (0ms) [Parameters=[@p='?' (Size = 36), @p0='?' (Size = 36)], CommandType='Text', CommandTimeout='30']
      SELECT "a"."UserId", "a"."RoleId"
      FROM "AspNetUserRoles" AS "a"
      WHERE "a"."UserId" = @p AND "a"."RoleId" = @p0
      LIMIT 1
info: Microsoft.EntityFrameworkCore.Database.Command[20101]
      Executed DbCommand (0ms) [Parameters=[@normalizedRoleName='?' (Size = 8)], CommandType='Text', CommandTimeout='30']
      SELECT "a"."Id", "a"."ConcurrencyStamp", "a"."Name", "a"."NormalizedName"
      FROM "AspNetRoles" AS "a"
      WHERE "a"."NormalizedName" = @normalizedRoleName
      LIMIT 2
info: Microsoft.EntityFrameworkCore.Database.Command[20101]
      Executed DbCommand (0ms) [Parameters=[@normalizedUserName='?' (Size = 14)], CommandType='Text', CommandTimeout='30']
      SELECT "a"."Id", "a"."AccessFailedCount", "a"."Code", "a"."ConcurrencyStamp", "a"."Discriminator", "a"."Email", "a"."EmailConfirmed", "a"."FirstName", "a"."Language", "a"."LastName", "a"."LockoutEnabled", "a"."LockoutEnd", "a"."NormalizedEmail", "a"."NormalizedUserName", "a"."PasswordHash", "a"."Phone", "a"."PhoneNumber", "a"."PhoneNumberConfirmed", "a"."Region", "a"."SecurityStamp", "a"."StakeholderProjectId", "a"."TwoFactorEnabled", "a"."UserName", "a"."DepartmentId", "a"."Level", "a"."MaxCapacityPoints", "a"."ProfilePicturePath", "a"."ResourceProjectId", "a"."Specializations", "a"."Team"
      FROM "AspNetUsers" AS "a"
      WHERE "a"."NormalizedUserName" = @normalizedUserName
      LIMIT 1
info: Microsoft.EntityFrameworkCore.Database.Command[20101]
      Executed DbCommand (0ms) [Parameters=[@normalizedEmail='?' (Size = 17)], CommandType='Text', CommandTimeout='30']
      SELECT "a"."Id", "a"."AccessFailedCount", "a"."Code", "a"."ConcurrencyStamp", "a"."Discriminator", "a"."Email", "a"."EmailConfirmed", "a"."FirstName", "a"."Language", "a"."LastName", "a"."LockoutEnabled", "a"."LockoutEnd", "a"."NormalizedEmail", "a"."NormalizedUserName", "a"."PasswordHash", "a"."Phone", "a"."PhoneNumber", "a"."PhoneNumberConfirmed", "a"."Region", "a"."SecurityStamp", "a"."StakeholderProjectId", "a"."TwoFactorEnabled", "a"."UserName", "a"."DepartmentId", "a"."Level", "a"."MaxCapacityPoints", "a"."ProfilePicturePath", "a"."ResourceProjectId", "a"."Specializations", "a"."Team"
      FROM "AspNetUsers" AS "a"
      WHERE "a"."NormalizedEmail" = @normalizedEmail
      LIMIT 2
info: Microsoft.EntityFrameworkCore.Database.Command[20101]
      Executed DbCommand (0ms) [Parameters=[@p0='?' (Size = 36), @p1='?' (Size = 36)], CommandType='Text', CommandTimeout='30']
      INSERT INTO "AspNetUserRoles" ("RoleId", "UserId")
      VALUES (@p0, @p1);
info: Microsoft.EntityFrameworkCore.Database.Command[20101]
      Executed DbCommand (0ms) [Parameters=[@p21='?' (Size = 36), @p0='?' (DbType = Int32), @p1='?' (Size = 7), @p2='?' (Size = 36), @p22='?' (Size = 36), @p3='?' (Size = 17), @p4='?' (DbType = Boolean), @p5='?' (Size = 5), @p6='?', @p7='?' (Size = 5), @p8='?' (DbType = Boolean), @p9='?' (DbType = DateTimeOffset), @p10='?' (Size = 17), @p11='?' (Size = 14), @p12='?' (Size = 84), @p13='?' (Size = 15), @p14='?', @p15='?' (DbType = Boolean), @p16='?', @p17='?' (Size = 32), @p18='?' (DbType = Guid), @p19='?' (DbType = Boolean), @p20='?' (Size = 14)], CommandType='Text', CommandTimeout='30']
      UPDATE "AspNetUsers" SET "AccessFailedCount" = @p0, "Code" = @p1, "ConcurrencyStamp" = @p2, "Email" = @p3, "EmailConfirmed" = @p4, "FirstName" = @p5, "Language" = @p6, "LastName" = @p7, "LockoutEnabled" = @p8, "LockoutEnd" = @p9, "NormalizedEmail" = @p10, "NormalizedUserName" = @p11, "PasswordHash" = @p12, "Phone" = @p13, "PhoneNumber" = @p14, "PhoneNumberConfirmed" = @p15, "Region" = @p16, "SecurityStamp" = @p17, "StakeholderProjectId" = @p18, "TwoFactorEnabled" = @p19, "UserName" = @p20
      WHERE "Id" = @p21 AND "ConcurrencyStamp" = @p22
      RETURNING 1;
info: TicketMasala.Web.Data.Seeding.UserSeedStrategy[0]
      Created Customer user: carol@techcorp.io
info: Microsoft.EntityFrameworkCore.Database.Command[20101]
      Executed DbCommand (0ms) [Parameters=[@normalizedUserName='?' (Size = 15)], CommandType='Text', CommandTimeout='30']
      SELECT "a"."Id", "a"."AccessFailedCount", "a"."Code", "a"."ConcurrencyStamp", "a"."Discriminator", "a"."Email", "a"."EmailConfirmed", "a"."FirstName", "a"."Language", "a"."LastName", "a"."LockoutEnabled", "a"."LockoutEnd", "a"."NormalizedEmail", "a"."NormalizedUserName", "a"."PasswordHash", "a"."Phone", "a"."PhoneNumber", "a"."PhoneNumberConfirmed", "a"."Region", "a"."SecurityStamp", "a"."StakeholderProjectId", "a"."TwoFactorEnabled", "a"."UserName", "a"."DepartmentId", "a"."Level", "a"."MaxCapacityPoints", "a"."ProfilePicturePath", "a"."ResourceProjectId", "a"."Specializations", "a"."Team"
      FROM "AspNetUsers" AS "a"
      WHERE "a"."NormalizedUserName" = @normalizedUserName
      LIMIT 1
info: Microsoft.EntityFrameworkCore.Database.Command[20101]
      Executed DbCommand (0ms) [Parameters=[@normalizedUserName='?' (Size = 15)], CommandType='Text', CommandTimeout='30']
      SELECT "a"."Id", "a"."AccessFailedCount", "a"."Code", "a"."ConcurrencyStamp", "a"."Discriminator", "a"."Email", "a"."EmailConfirmed", "a"."FirstName", "a"."Language", "a"."LastName", "a"."LockoutEnabled", "a"."LockoutEnd", "a"."NormalizedEmail", "a"."NormalizedUserName", "a"."PasswordHash", "a"."Phone", "a"."PhoneNumber", "a"."PhoneNumberConfirmed", "a"."Region", "a"."SecurityStamp", "a"."StakeholderProjectId", "a"."TwoFactorEnabled", "a"."UserName", "a"."DepartmentId", "a"."Level", "a"."MaxCapacityPoints", "a"."ProfilePicturePath", "a"."ResourceProjectId", "a"."Specializations", "a"."Team"
      FROM "AspNetUsers" AS "a"
      WHERE "a"."NormalizedUserName" = @normalizedUserName
      LIMIT 1
info: Microsoft.EntityFrameworkCore.Database.Command[20101]
      Executed DbCommand (0ms) [Parameters=[@normalizedEmail='?' (Size = 18)], CommandType='Text', CommandTimeout='30']
      SELECT "a"."Id", "a"."AccessFailedCount", "a"."Code", "a"."ConcurrencyStamp", "a"."Discriminator", "a"."Email", "a"."EmailConfirmed", "a"."FirstName", "a"."Language", "a"."LastName", "a"."LockoutEnabled", "a"."LockoutEnd", "a"."NormalizedEmail", "a"."NormalizedUserName", "a"."PasswordHash", "a"."Phone", "a"."PhoneNumber", "a"."PhoneNumberConfirmed", "a"."Region", "a"."SecurityStamp", "a"."StakeholderProjectId", "a"."TwoFactorEnabled", "a"."UserName", "a"."DepartmentId", "a"."Level", "a"."MaxCapacityPoints", "a"."ProfilePicturePath", "a"."ResourceProjectId", "a"."Specializations", "a"."Team"
      FROM "AspNetUsers" AS "a"
      WHERE "a"."NormalizedEmail" = @normalizedEmail
      LIMIT 2
info: Microsoft.EntityFrameworkCore.Database.Command[20101]
      Executed DbCommand (1ms) [Parameters=[@p0='?' (Size = 36), @p1='?' (DbType = Int32), @p2='?' (Size = 7), @p3='?' (Size = 36), @p4='?' (Size = 15), @p5='?' (Size = 18), @p6='?' (DbType = Boolean), @p7='?' (Size = 6), @p8='?', @p9='?' (Size = 3), @p10='?' (DbType = Boolean), @p11='?' (DbType = DateTimeOffset), @p12='?' (Size = 18), @p13='?' (Size = 15), @p14='?' (Size = 84), @p15='?' (Size = 15), @p16='?', @p17='?' (DbType = Boolean), @p18='?', @p19='?' (Size = 32), @p20='?' (DbType = Guid), @p21='?' (DbType = Boolean), @p22='?' (Size = 15)], CommandType='Text', CommandTimeout='30']
      INSERT INTO "AspNetUsers" ("Id", "AccessFailedCount", "Code", "ConcurrencyStamp", "Discriminator", "Email", "EmailConfirmed", "FirstName", "Language", "LastName", "LockoutEnabled", "LockoutEnd", "NormalizedEmail", "NormalizedUserName", "PasswordHash", "Phone", "PhoneNumber", "PhoneNumberConfirmed", "Region", "SecurityStamp", "StakeholderProjectId", "TwoFactorEnabled", "UserName")
      VALUES (@p0, @p1, @p2, @p3, @p4, @p5, @p6, @p7, @p8, @p9, @p10, @p11, @p12, @p13, @p14, @p15, @p16, @p17, @p18, @p19, @p20, @p21, @p22);
info: Microsoft.EntityFrameworkCore.Database.Command[20101]
      Executed DbCommand (0ms) [Parameters=[@normalizedRoleName='?' (Size = 8)], CommandType='Text', CommandTimeout='30']
      SELECT "a"."Id", "a"."ConcurrencyStamp", "a"."Name", "a"."NormalizedName"
      FROM "AspNetRoles" AS "a"
      WHERE "a"."NormalizedName" = @normalizedRoleName
      LIMIT 2
info: Microsoft.EntityFrameworkCore.Database.Command[20101]
      Executed DbCommand (0ms) [Parameters=[@p='?' (Size = 36), @p0='?' (Size = 36)], CommandType='Text', CommandTimeout='30']
      SELECT "a"."UserId", "a"."RoleId"
      FROM "AspNetUserRoles" AS "a"
      WHERE "a"."UserId" = @p AND "a"."RoleId" = @p0
      LIMIT 1
info: Microsoft.EntityFrameworkCore.Database.Command[20101]
      Executed DbCommand (0ms) [Parameters=[@normalizedRoleName='?' (Size = 8)], CommandType='Text', CommandTimeout='30']
      SELECT "a"."Id", "a"."ConcurrencyStamp", "a"."Name", "a"."NormalizedName"
      FROM "AspNetRoles" AS "a"
      WHERE "a"."NormalizedName" = @normalizedRoleName
      LIMIT 2
info: Microsoft.EntityFrameworkCore.Database.Command[20101]
      Executed DbCommand (0ms) [Parameters=[@normalizedUserName='?' (Size = 15)], CommandType='Text', CommandTimeout='30']
      SELECT "a"."Id", "a"."AccessFailedCount", "a"."Code", "a"."ConcurrencyStamp", "a"."Discriminator", "a"."Email", "a"."EmailConfirmed", "a"."FirstName", "a"."Language", "a"."LastName", "a"."LockoutEnabled", "a"."LockoutEnd", "a"."NormalizedEmail", "a"."NormalizedUserName", "a"."PasswordHash", "a"."Phone", "a"."PhoneNumber", "a"."PhoneNumberConfirmed", "a"."Region", "a"."SecurityStamp", "a"."StakeholderProjectId", "a"."TwoFactorEnabled", "a"."UserName", "a"."DepartmentId", "a"."Level", "a"."MaxCapacityPoints", "a"."ProfilePicturePath", "a"."ResourceProjectId", "a"."Specializations", "a"."Team"
      FROM "AspNetUsers" AS "a"
      WHERE "a"."NormalizedUserName" = @normalizedUserName
      LIMIT 1
info: Microsoft.EntityFrameworkCore.Database.Command[20101]
      Executed DbCommand (0ms) [Parameters=[@normalizedEmail='?' (Size = 18)], CommandType='Text', CommandTimeout='30']
      SELECT "a"."Id", "a"."AccessFailedCount", "a"."Code", "a"."ConcurrencyStamp", "a"."Discriminator", "a"."Email", "a"."EmailConfirmed", "a"."FirstName", "a"."Language", "a"."LastName", "a"."LockoutEnabled", "a"."LockoutEnd", "a"."NormalizedEmail", "a"."NormalizedUserName", "a"."PasswordHash", "a"."Phone", "a"."PhoneNumber", "a"."PhoneNumberConfirmed", "a"."Region", "a"."SecurityStamp", "a"."StakeholderProjectId", "a"."TwoFactorEnabled", "a"."UserName", "a"."DepartmentId", "a"."Level", "a"."MaxCapacityPoints", "a"."ProfilePicturePath", "a"."ResourceProjectId", "a"."Specializations", "a"."Team"
      FROM "AspNetUsers" AS "a"
      WHERE "a"."NormalizedEmail" = @normalizedEmail
      LIMIT 2
info: Microsoft.EntityFrameworkCore.Database.Command[20101]
      Executed DbCommand (0ms) [Parameters=[@p0='?' (Size = 36), @p1='?' (Size = 36)], CommandType='Text', CommandTimeout='30']
      INSERT INTO "AspNetUserRoles" ("RoleId", "UserId")
      VALUES (@p0, @p1);
info: Microsoft.EntityFrameworkCore.Database.Command[20101]
      Executed DbCommand (0ms) [Parameters=[@p21='?' (Size = 36), @p0='?' (DbType = Int32), @p1='?' (Size = 7), @p2='?' (Size = 36), @p22='?' (Size = 36), @p3='?' (Size = 18), @p4='?' (DbType = Boolean), @p5='?' (Size = 6), @p6='?', @p7='?' (Size = 3), @p8='?' (DbType = Boolean), @p9='?' (DbType = DateTimeOffset), @p10='?' (Size = 18), @p11='?' (Size = 15), @p12='?' (Size = 84), @p13='?' (Size = 15), @p14='?', @p15='?' (DbType = Boolean), @p16='?', @p17='?' (Size = 32), @p18='?' (DbType = Guid), @p19='?' (DbType = Boolean), @p20='?' (Size = 15)], CommandType='Text', CommandTimeout='30']
      UPDATE "AspNetUsers" SET "AccessFailedCount" = @p0, "Code" = @p1, "ConcurrencyStamp" = @p2, "Email" = @p3, "EmailConfirmed" = @p4, "FirstName" = @p5, "Language" = @p6, "LastName" = @p7, "LockoutEnabled" = @p8, "LockoutEnd" = @p9, "NormalizedEmail" = @p10, "NormalizedUserName" = @p11, "PasswordHash" = @p12, "Phone" = @p13, "PhoneNumber" = @p14, "PhoneNumberConfirmed" = @p15, "Region" = @p16, "SecurityStamp" = @p17, "StakeholderProjectId" = @p18, "TwoFactorEnabled" = @p19, "UserName" = @p20
      WHERE "Id" = @p21 AND "ConcurrencyStamp" = @p22
      RETURNING 1;
info: TicketMasala.Web.Data.Seeding.UserSeedStrategy[0]
      Created Customer user: daniel@startup.xyz
info: Microsoft.EntityFrameworkCore.Database.Command[20101]
      Executed DbCommand (0ms) [Parameters=[@normalizedUserName='?' (Size = 12)], CommandType='Text', CommandTimeout='30']
      SELECT "a"."Id", "a"."AccessFailedCount", "a"."Code", "a"."ConcurrencyStamp", "a"."Discriminator", "a"."Email", "a"."EmailConfirmed", "a"."FirstName", "a"."Language", "a"."LastName", "a"."LockoutEnabled", "a"."LockoutEnd", "a"."NormalizedEmail", "a"."NormalizedUserName", "a"."PasswordHash", "a"."Phone", "a"."PhoneNumber", "a"."PhoneNumberConfirmed", "a"."Region", "a"."SecurityStamp", "a"."StakeholderProjectId", "a"."TwoFactorEnabled", "a"."UserName", "a"."DepartmentId", "a"."Level", "a"."MaxCapacityPoints", "a"."ProfilePicturePath", "a"."ResourceProjectId", "a"."Specializations", "a"."Team"
      FROM "AspNetUsers" AS "a"
      WHERE "a"."NormalizedUserName" = @normalizedUserName
      LIMIT 1
info: Microsoft.EntityFrameworkCore.Database.Command[20101]
      Executed DbCommand (0ms) [Parameters=[@normalizedUserName='?' (Size = 12)], CommandType='Text', CommandTimeout='30']
      SELECT "a"."Id", "a"."AccessFailedCount", "a"."Code", "a"."ConcurrencyStamp", "a"."Discriminator", "a"."Email", "a"."EmailConfirmed", "a"."FirstName", "a"."Language", "a"."LastName", "a"."LockoutEnabled", "a"."LockoutEnd", "a"."NormalizedEmail", "a"."NormalizedUserName", "a"."PasswordHash", "a"."Phone", "a"."PhoneNumber", "a"."PhoneNumberConfirmed", "a"."Region", "a"."SecurityStamp", "a"."StakeholderProjectId", "a"."TwoFactorEnabled", "a"."UserName", "a"."DepartmentId", "a"."Level", "a"."MaxCapacityPoints", "a"."ProfilePicturePath", "a"."ResourceProjectId", "a"."Specializations", "a"."Team"
      FROM "AspNetUsers" AS "a"
      WHERE "a"."NormalizedUserName" = @normalizedUserName
      LIMIT 1
info: Microsoft.EntityFrameworkCore.Database.Command[20101]
      Executed DbCommand (0ms) [Parameters=[@normalizedEmail='?' (Size = 18)], CommandType='Text', CommandTimeout='30']
      SELECT "a"."Id", "a"."AccessFailedCount", "a"."Code", "a"."ConcurrencyStamp", "a"."Discriminator", "a"."Email", "a"."EmailConfirmed", "a"."FirstName", "a"."Language", "a"."LastName", "a"."LockoutEnabled", "a"."LockoutEnd", "a"."NormalizedEmail", "a"."NormalizedUserName", "a"."PasswordHash", "a"."Phone", "a"."PhoneNumber", "a"."PhoneNumberConfirmed", "a"."Region", "a"."SecurityStamp", "a"."StakeholderProjectId", "a"."TwoFactorEnabled", "a"."UserName", "a"."DepartmentId", "a"."Level", "a"."MaxCapacityPoints", "a"."ProfilePicturePath", "a"."ResourceProjectId", "a"."Specializations", "a"."Team"
      FROM "AspNetUsers" AS "a"
      WHERE "a"."NormalizedEmail" = @normalizedEmail
      LIMIT 2
info: Microsoft.EntityFrameworkCore.Database.Command[20101]
      Executed DbCommand (1ms) [Parameters=[@p0='?' (Size = 36), @p1='?' (DbType = Int32), @p2='?' (Size = 7), @p3='?' (Size = 36), @p4='?' (Size = 15), @p5='?' (Size = 18), @p6='?' (DbType = Boolean), @p7='?' (Size = 3), @p8='?', @p9='?' (Size = 5), @p10='?' (DbType = Boolean), @p11='?' (DbType = DateTimeOffset), @p12='?' (Size = 18), @p13='?' (Size = 12), @p14='?' (Size = 84), @p15='?' (Size = 15), @p16='?', @p17='?' (DbType = Boolean), @p18='?', @p19='?' (Size = 32), @p20='?' (DbType = Guid), @p21='?' (DbType = Boolean), @p22='?' (Size = 12)], CommandType='Text', CommandTimeout='30']
      INSERT INTO "AspNetUsers" ("Id", "AccessFailedCount", "Code", "ConcurrencyStamp", "Discriminator", "Email", "EmailConfirmed", "FirstName", "Language", "LastName", "LockoutEnabled", "LockoutEnd", "NormalizedEmail", "NormalizedUserName", "PasswordHash", "Phone", "PhoneNumber", "PhoneNumberConfirmed", "Region", "SecurityStamp", "StakeholderProjectId", "TwoFactorEnabled", "UserName")
      VALUES (@p0, @p1, @p2, @p3, @p4, @p5, @p6, @p7, @p8, @p9, @p10, @p11, @p12, @p13, @p14, @p15, @p16, @p17, @p18, @p19, @p20, @p21, @p22);
info: Microsoft.EntityFrameworkCore.Database.Command[20101]
      Executed DbCommand (0ms) [Parameters=[@normalizedRoleName='?' (Size = 8)], CommandType='Text', CommandTimeout='30']
      SELECT "a"."Id", "a"."ConcurrencyStamp", "a"."Name", "a"."NormalizedName"
      FROM "AspNetRoles" AS "a"
      WHERE "a"."NormalizedName" = @normalizedRoleName
      LIMIT 2
info: Microsoft.EntityFrameworkCore.Database.Command[20101]
      Executed DbCommand (0ms) [Parameters=[@p='?' (Size = 36), @p0='?' (Size = 36)], CommandType='Text', CommandTimeout='30']
      SELECT "a"."UserId", "a"."RoleId"
      FROM "AspNetUserRoles" AS "a"
      WHERE "a"."UserId" = @p AND "a"."RoleId" = @p0
      LIMIT 1
info: Microsoft.EntityFrameworkCore.Database.Command[20101]
      Executed DbCommand (0ms) [Parameters=[@normalizedRoleName='?' (Size = 8)], CommandType='Text', CommandTimeout='30']
      SELECT "a"."Id", "a"."ConcurrencyStamp", "a"."Name", "a"."NormalizedName"
      FROM "AspNetRoles" AS "a"
      WHERE "a"."NormalizedName" = @normalizedRoleName
      LIMIT 2
info: Microsoft.EntityFrameworkCore.Database.Command[20101]
      Executed DbCommand (0ms) [Parameters=[@normalizedUserName='?' (Size = 12)], CommandType='Text', CommandTimeout='30']
      SELECT "a"."Id", "a"."AccessFailedCount", "a"."Code", "a"."ConcurrencyStamp", "a"."Discriminator", "a"."Email", "a"."EmailConfirmed", "a"."FirstName", "a"."Language", "a"."LastName", "a"."LockoutEnabled", "a"."LockoutEnd", "a"."NormalizedEmail", "a"."NormalizedUserName", "a"."PasswordHash", "a"."Phone", "a"."PhoneNumber", "a"."PhoneNumberConfirmed", "a"."Region", "a"."SecurityStamp", "a"."StakeholderProjectId", "a"."TwoFactorEnabled", "a"."UserName", "a"."DepartmentId", "a"."Level", "a"."MaxCapacityPoints", "a"."ProfilePicturePath", "a"."ResourceProjectId", "a"."Specializations", "a"."Team"
      FROM "AspNetUsers" AS "a"
      WHERE "a"."NormalizedUserName" = @normalizedUserName
      LIMIT 1
info: Microsoft.EntityFrameworkCore.Database.Command[20101]
      Executed DbCommand (0ms) [Parameters=[@normalizedEmail='?' (Size = 18)], CommandType='Text', CommandTimeout='30']
      SELECT "a"."Id", "a"."AccessFailedCount", "a"."Code", "a"."ConcurrencyStamp", "a"."Discriminator", "a"."Email", "a"."EmailConfirmed", "a"."FirstName", "a"."Language", "a"."LastName", "a"."LockoutEnabled", "a"."LockoutEnd", "a"."NormalizedEmail", "a"."NormalizedUserName", "a"."PasswordHash", "a"."Phone", "a"."PhoneNumber", "a"."PhoneNumberConfirmed", "a"."Region", "a"."SecurityStamp", "a"."StakeholderProjectId", "a"."TwoFactorEnabled", "a"."UserName", "a"."DepartmentId", "a"."Level", "a"."MaxCapacityPoints", "a"."ProfilePicturePath", "a"."ResourceProjectId", "a"."Specializations", "a"."Team"
      FROM "AspNetUsers" AS "a"
      WHERE "a"."NormalizedEmail" = @normalizedEmail
      LIMIT 2
info: Microsoft.EntityFrameworkCore.Database.Command[20101]
      Executed DbCommand (0ms) [Parameters=[@p0='?' (Size = 36), @p1='?' (Size = 36)], CommandType='Text', CommandTimeout='30']
      INSERT INTO "AspNetUserRoles" ("RoleId", "UserId")
      VALUES (@p0, @p1);
info: Microsoft.EntityFrameworkCore.Database.Command[20101]
      Executed DbCommand (0ms) [Parameters=[@p21='?' (Size = 36), @p0='?' (DbType = Int32), @p1='?' (Size = 7), @p2='?' (Size = 36), @p22='?' (Size = 36), @p3='?' (Size = 18), @p4='?' (DbType = Boolean), @p5='?' (Size = 3), @p6='?', @p7='?' (Size = 5), @p8='?' (DbType = Boolean), @p9='?' (DbType = DateTimeOffset), @p10='?' (Size = 18), @p11='?' (Size = 12), @p12='?' (Size = 84), @p13='?' (Size = 15), @p14='?', @p15='?' (DbType = Boolean), @p16='?', @p17='?' (Size = 32), @p18='?' (DbType = Guid), @p19='?' (DbType = Boolean), @p20='?' (Size = 12)], CommandType='Text', CommandTimeout='30']
      UPDATE "AspNetUsers" SET "AccessFailedCount" = @p0, "Code" = @p1, "ConcurrencyStamp" = @p2, "Email" = @p3, "EmailConfirmed" = @p4, "FirstName" = @p5, "Language" = @p6, "LastName" = @p7, "LockoutEnabled" = @p8, "LockoutEnd" = @p9, "NormalizedEmail" = @p10, "NormalizedUserName" = @p11, "PasswordHash" = @p12, "Phone" = @p13, "PhoneNumber" = @p14, "PhoneNumberConfirmed" = @p15, "Region" = @p16, "SecurityStamp" = @p17, "StakeholderProjectId" = @p18, "TwoFactorEnabled" = @p19, "UserName" = @p20
      WHERE "Id" = @p21 AND "ConcurrencyStamp" = @p22
      RETURNING 1;
info: TicketMasala.Web.Data.Seeding.UserSeedStrategy[0]
      Created Customer user: eva@enterprise.net
info: Microsoft.EntityFrameworkCore.Database.Command[20101]
      Executed DbCommand (0ms) [Parameters=[@normalizedUserName='?' (Size = 14)], CommandType='Text', CommandTimeout='30']
      SELECT "a"."Id", "a"."AccessFailedCount", "a"."Code", "a"."ConcurrencyStamp", "a"."Discriminator", "a"."Email", "a"."EmailConfirmed", "a"."FirstName", "a"."Language", "a"."LastName", "a"."LockoutEnabled", "a"."LockoutEnd", "a"."NormalizedEmail", "a"."NormalizedUserName", "a"."PasswordHash", "a"."Phone", "a"."PhoneNumber", "a"."PhoneNumberConfirmed", "a"."Region", "a"."SecurityStamp", "a"."StakeholderProjectId", "a"."TwoFactorEnabled", "a"."UserName", "a"."DepartmentId", "a"."Level", "a"."MaxCapacityPoints", "a"."ProfilePicturePath", "a"."ResourceProjectId", "a"."Specializations", "a"."Team"
      FROM "AspNetUsers" AS "a"
      WHERE "a"."NormalizedUserName" = @normalizedUserName
      LIMIT 1
info: Microsoft.EntityFrameworkCore.Database.Command[20101]
      Executed DbCommand (0ms) [Parameters=[@normalizedUserName='?' (Size = 14)], CommandType='Text', CommandTimeout='30']
      SELECT "a"."Id", "a"."AccessFailedCount", "a"."Code", "a"."ConcurrencyStamp", "a"."Discriminator", "a"."Email", "a"."EmailConfirmed", "a"."FirstName", "a"."Language", "a"."LastName", "a"."LockoutEnabled", "a"."LockoutEnd", "a"."NormalizedEmail", "a"."NormalizedUserName", "a"."PasswordHash", "a"."Phone", "a"."PhoneNumber", "a"."PhoneNumberConfirmed", "a"."Region", "a"."SecurityStamp", "a"."StakeholderProjectId", "a"."TwoFactorEnabled", "a"."UserName", "a"."DepartmentId", "a"."Level", "a"."MaxCapacityPoints", "a"."ProfilePicturePath", "a"."ResourceProjectId", "a"."Specializations", "a"."Team"
      FROM "AspNetUsers" AS "a"
      WHERE "a"."NormalizedUserName" = @normalizedUserName
      LIMIT 1
info: Microsoft.EntityFrameworkCore.Database.Command[20101]
      Executed DbCommand (0ms) [Parameters=[@normalizedEmail='?' (Size = 19)], CommandType='Text', CommandTimeout='30']
      SELECT "a"."Id", "a"."AccessFailedCount", "a"."Code", "a"."ConcurrencyStamp", "a"."Discriminator", "a"."Email", "a"."EmailConfirmed", "a"."FirstName", "a"."Language", "a"."LastName", "a"."LockoutEnabled", "a"."LockoutEnd", "a"."NormalizedEmail", "a"."NormalizedUserName", "a"."PasswordHash", "a"."Phone", "a"."PhoneNumber", "a"."PhoneNumberConfirmed", "a"."Region", "a"."SecurityStamp", "a"."StakeholderProjectId", "a"."TwoFactorEnabled", "a"."UserName", "a"."DepartmentId", "a"."Level", "a"."MaxCapacityPoints", "a"."ProfilePicturePath", "a"."ResourceProjectId", "a"."Specializations", "a"."Team"
      FROM "AspNetUsers" AS "a"
      WHERE "a"."NormalizedEmail" = @normalizedEmail
      LIMIT 2
info: Microsoft.EntityFrameworkCore.Database.Command[20101]
      Executed DbCommand (1ms) [Parameters=[@p0='?' (Size = 36), @p1='?' (DbType = Int32), @p2='?' (Size = 7), @p3='?' (Size = 36), @p4='?' (Size = 15), @p5='?' (Size = 19), @p6='?' (DbType = Boolean), @p7='?' (Size = 5), @p8='?', @p9='?' (Size = 6), @p10='?' (DbType = Boolean), @p11='?' (DbType = DateTimeOffset), @p12='?' (Size = 19), @p13='?' (Size = 14), @p14='?' (Size = 84), @p15='?' (Size = 15), @p16='?', @p17='?' (DbType = Boolean), @p18='?', @p19='?' (Size = 32), @p20='?' (DbType = Guid), @p21='?' (DbType = Boolean), @p22='?' (Size = 14)], CommandType='Text', CommandTimeout='30']
      INSERT INTO "AspNetUsers" ("Id", "AccessFailedCount", "Code", "ConcurrencyStamp", "Discriminator", "Email", "EmailConfirmed", "FirstName", "Language", "LastName", "LockoutEnabled", "LockoutEnd", "NormalizedEmail", "NormalizedUserName", "PasswordHash", "Phone", "PhoneNumber", "PhoneNumberConfirmed", "Region", "SecurityStamp", "StakeholderProjectId", "TwoFactorEnabled", "UserName")
      VALUES (@p0, @p1, @p2, @p3, @p4, @p5, @p6, @p7, @p8, @p9, @p10, @p11, @p12, @p13, @p14, @p15, @p16, @p17, @p18, @p19, @p20, @p21, @p22);
info: Microsoft.EntityFrameworkCore.Database.Command[20101]
      Executed DbCommand (0ms) [Parameters=[@normalizedRoleName='?' (Size = 8)], CommandType='Text', CommandTimeout='30']
      SELECT "a"."Id", "a"."ConcurrencyStamp", "a"."Name", "a"."NormalizedName"
      FROM "AspNetRoles" AS "a"
      WHERE "a"."NormalizedName" = @normalizedRoleName
      LIMIT 2
info: Microsoft.EntityFrameworkCore.Database.Command[20101]
      Executed DbCommand (0ms) [Parameters=[@p='?' (Size = 36), @p0='?' (Size = 36)], CommandType='Text', CommandTimeout='30']
      SELECT "a"."UserId", "a"."RoleId"
      FROM "AspNetUserRoles" AS "a"
      WHERE "a"."UserId" = @p AND "a"."RoleId" = @p0
      LIMIT 1
info: Microsoft.EntityFrameworkCore.Database.Command[20101]
      Executed DbCommand (0ms) [Parameters=[@normalizedRoleName='?' (Size = 8)], CommandType='Text', CommandTimeout='30']
      SELECT "a"."Id", "a"."ConcurrencyStamp", "a"."Name", "a"."NormalizedName"
      FROM "AspNetRoles" AS "a"
      WHERE "a"."NormalizedName" = @normalizedRoleName
      LIMIT 2
info: Microsoft.EntityFrameworkCore.Database.Command[20101]
      Executed DbCommand (0ms) [Parameters=[@normalizedUserName='?' (Size = 14)], CommandType='Text', CommandTimeout='30']
      SELECT "a"."Id", "a"."AccessFailedCount", "a"."Code", "a"."ConcurrencyStamp", "a"."Discriminator", "a"."Email", "a"."EmailConfirmed", "a"."FirstName", "a"."Language", "a"."LastName", "a"."LockoutEnabled", "a"."LockoutEnd", "a"."NormalizedEmail", "a"."NormalizedUserName", "a"."PasswordHash", "a"."Phone", "a"."PhoneNumber", "a"."PhoneNumberConfirmed", "a"."Region", "a"."SecurityStamp", "a"."StakeholderProjectId", "a"."TwoFactorEnabled", "a"."UserName", "a"."DepartmentId", "a"."Level", "a"."MaxCapacityPoints", "a"."ProfilePicturePath", "a"."ResourceProjectId", "a"."Specializations", "a"."Team"
      FROM "AspNetUsers" AS "a"
      WHERE "a"."NormalizedUserName" = @normalizedUserName
      LIMIT 1
info: Microsoft.EntityFrameworkCore.Database.Command[20101]
      Executed DbCommand (0ms) [Parameters=[@normalizedEmail='?' (Size = 19)], CommandType='Text', CommandTimeout='30']
      SELECT "a"."Id", "a"."AccessFailedCount", "a"."Code", "a"."ConcurrencyStamp", "a"."Discriminator", "a"."Email", "a"."EmailConfirmed", "a"."FirstName", "a"."Language", "a"."LastName", "a"."LockoutEnabled", "a"."LockoutEnd", "a"."NormalizedEmail", "a"."NormalizedUserName", "a"."PasswordHash", "a"."Phone", "a"."PhoneNumber", "a"."PhoneNumberConfirmed", "a"."Region", "a"."SecurityStamp", "a"."StakeholderProjectId", "a"."TwoFactorEnabled", "a"."UserName", "a"."DepartmentId", "a"."Level", "a"."MaxCapacityPoints", "a"."ProfilePicturePath", "a"."ResourceProjectId", "a"."Specializations", "a"."Team"
      FROM "AspNetUsers" AS "a"
      WHERE "a"."NormalizedEmail" = @normalizedEmail
      LIMIT 2
info: Microsoft.EntityFrameworkCore.Database.Command[20101]
      Executed DbCommand (0ms) [Parameters=[@p0='?' (Size = 36), @p1='?' (Size = 36)], CommandType='Text', CommandTimeout='30']
      INSERT INTO "AspNetUserRoles" ("RoleId", "UserId")
      VALUES (@p0, @p1);
info: Microsoft.EntityFrameworkCore.Database.Command[20101]
      Executed DbCommand (0ms) [Parameters=[@p21='?' (Size = 36), @p0='?' (DbType = Int32), @p1='?' (Size = 7), @p2='?' (Size = 36), @p22='?' (Size = 36), @p3='?' (Size = 19), @p4='?' (DbType = Boolean), @p5='?' (Size = 5), @p6='?', @p7='?' (Size = 6), @p8='?' (DbType = Boolean), @p9='?' (DbType = DateTimeOffset), @p10='?' (Size = 19), @p11='?' (Size = 14), @p12='?' (Size = 84), @p13='?' (Size = 15), @p14='?', @p15='?' (DbType = Boolean), @p16='?', @p17='?' (Size = 32), @p18='?' (DbType = Guid), @p19='?' (DbType = Boolean), @p20='?' (Size = 14)], CommandType='Text', CommandTimeout='30']
      UPDATE "AspNetUsers" SET "AccessFailedCount" = @p0, "Code" = @p1, "ConcurrencyStamp" = @p2, "Email" = @p3, "EmailConfirmed" = @p4, "FirstName" = @p5, "Language" = @p6, "LastName" = @p7, "LockoutEnabled" = @p8, "LockoutEnd" = @p9, "NormalizedEmail" = @p10, "NormalizedUserName" = @p11, "PasswordHash" = @p12, "Phone" = @p13, "PhoneNumber" = @p14, "PhoneNumberConfirmed" = @p15, "Region" = @p16, "SecurityStamp" = @p17, "StakeholderProjectId" = @p18, "TwoFactorEnabled" = @p19, "UserName" = @p20
      WHERE "Id" = @p21 AND "ConcurrencyStamp" = @p22
      RETURNING 1;
info: TicketMasala.Web.Data.Seeding.UserSeedStrategy[0]
      Created Customer user: frank@solutions.biz
info: TicketMasala.Web.Data.Seeding.UserSeedStrategy[0]
      Users and employees seeded successfully
info: Microsoft.EntityFrameworkCore.Database.Command[20101]
      Executed DbCommand (0ms) [Parameters=[], CommandType='Text', CommandTimeout='30']
      SELECT COUNT(*)
      FROM "ProjectTemplates" AS "p"
Skipping seed strategy (already seeded): ProjectSeedStrategy
Executing seed strategy: WorkItemSeedStrategy
info: TicketMasala.Web.Data.DbSeeder[0]
      Executing seed strategy: WorkItemSeedStrategy
info: TicketMasala.Web.Data.Seeding.WorkItemSeedStrategy[0]
      Seeding 3 projects...
info: Microsoft.EntityFrameworkCore.Database.Command[20101]
      Executed DbCommand (0ms) [Parameters=[@containerDto_Name='?' (Size = 24)], CommandType='Text', CommandTimeout='30']
      SELECT "p"."Guid", "p"."CompletionDate", "p"."CompletionTarget", "p"."CreationDate", "p"."CreatorGuid", "p"."CustomerId", "p"."CustomerIds", "p"."DepartmentId", "p"."Description", "p"."Name", "p"."Notes", "p"."ProjectAiRoadmap", "p"."ProjectManagerId", "p"."ProjectType", "p"."Status", "p"."ValidUntil"
      FROM "Projects" AS "p"
      WHERE "p"."Name" = @containerDto_Name
      LIMIT 1
info: Microsoft.EntityFrameworkCore.Database.Command[20101]
      Executed DbCommand (0ms) [Parameters=[@containerDto_ProjectManagerEmail='?' (Size = 29)], CommandType='Text', CommandTimeout='30']
      SELECT "a"."Id", "a"."AccessFailedCount", "a"."Code", "a"."ConcurrencyStamp", "a"."Discriminator", "a"."Email", "a"."EmailConfirmed", "a"."FirstName", "a"."Language", "a"."LastName", "a"."LockoutEnabled", "a"."LockoutEnd", "a"."NormalizedEmail", "a"."NormalizedUserName", "a"."PasswordHash", "a"."Phone", "a"."PhoneNumber", "a"."PhoneNumberConfirmed", "a"."Region", "a"."SecurityStamp", "a"."StakeholderProjectId", "a"."TwoFactorEnabled", "a"."UserName", "a"."DepartmentId", "a"."Level", "a"."MaxCapacityPoints", "a"."ProfilePicturePath", "a"."ResourceProjectId", "a"."Specializations", "a"."Team"
      FROM "AspNetUsers" AS "a"
      WHERE "a"."Email" = @containerDto_ProjectManagerEmail
      LIMIT 1
info: Microsoft.EntityFrameworkCore.Database.Command[20101]
      Executed DbCommand (0ms) [Parameters=[@containerDto_CustomerEmail='?' (Size = 15)], CommandType='Text', CommandTimeout='30']
      SELECT "a"."Id", "a"."AccessFailedCount", "a"."Code", "a"."ConcurrencyStamp", "a"."Discriminator", "a"."Email", "a"."EmailConfirmed", "a"."FirstName", "a"."Language", "a"."LastName", "a"."LockoutEnabled", "a"."LockoutEnd", "a"."NormalizedEmail", "a"."NormalizedUserName", "a"."PasswordHash", "a"."Phone", "a"."PhoneNumber", "a"."PhoneNumberConfirmed", "a"."Region", "a"."SecurityStamp", "a"."StakeholderProjectId", "a"."TwoFactorEnabled", "a"."UserName", "a"."DepartmentId", "a"."Level", "a"."MaxCapacityPoints", "a"."ProfilePicturePath", "a"."ResourceProjectId", "a"."Specializations", "a"."Team"
      FROM "AspNetUsers" AS "a"
      WHERE "a"."Email" = @containerDto_CustomerEmail
      LIMIT 1
info: Microsoft.EntityFrameworkCore.Database.Command[20101]
      Executed DbCommand (1ms) [Parameters=[@p0='?' (DbType = Guid), @p1='?' (DbType = DateTime), @p2='?' (DbType = DateTime), @p3='?' (DbType = DateTime), @p4='?' (DbType = Guid), @p5='?' (Size = 36), @p6='?' (Size = 2), @p7='?' (DbType = Guid), @p8='?' (Size = 96), @p9='?' (Size = 24), @p10='?', @p11='?', @p12='?' (Size = 36), @p13='?', @p14='?' (DbType = Int32), @p15='?' (DbType = DateTime)], CommandType='Text', CommandTimeout='30']
      INSERT INTO "Projects" ("Guid", "CompletionDate", "CompletionTarget", "CreationDate", "CreatorGuid", "CustomerId", "CustomerIds", "DepartmentId", "Description", "Name", "Notes", "ProjectAiRoadmap", "ProjectManagerId", "ProjectType", "Status", "ValidUntil")
      VALUES (@p0, @p1, @p2, @p3, @p4, @p5, @p6, @p7, @p8, @p9, @p10, @p11, @p12, @p13, @p14, @p15);
info: TicketMasala.Web.Data.Seeding.WorkItemSeedStrategy[0]
      Created project: Website Redesign Project
info: Microsoft.EntityFrameworkCore.Database.Command[20101]
      Executed DbCommand (0ms) [Parameters=[@title='?' (Size = 45), @projectId='?' (DbType = Guid)], CommandType='Text', CommandTimeout='30']
      SELECT EXISTS (
          SELECT 1
          FROM "Tickets" AS "t"
          WHERE "t"."Title" = @title AND "t"."ProjectGuid" = @projectId)
info: Microsoft.EntityFrameworkCore.Database.Command[20101]
      Executed DbCommand (0ms) [Parameters=[@itemDto_ResponsibleEmail='?' (Size = 23)], CommandType='Text', CommandTimeout='30']
      SELECT "a"."Id", "a"."AccessFailedCount", "a"."Code", "a"."ConcurrencyStamp", "a"."Discriminator", "a"."Email", "a"."EmailConfirmed", "a"."FirstName", "a"."Language", "a"."LastName", "a"."LockoutEnabled", "a"."LockoutEnd", "a"."NormalizedEmail", "a"."NormalizedUserName", "a"."PasswordHash", "a"."Phone", "a"."PhoneNumber", "a"."PhoneNumberConfirmed", "a"."Region", "a"."SecurityStamp", "a"."StakeholderProjectId", "a"."TwoFactorEnabled", "a"."UserName", "a"."DepartmentId", "a"."Level", "a"."MaxCapacityPoints", "a"."ProfilePicturePath", "a"."ResourceProjectId", "a"."Specializations", "a"."Team"
      FROM "AspNetUsers" AS "a"
      WHERE "a"."Email" = @itemDto_ResponsibleEmail
      LIMIT 1
info: TicketMasala.Web.Data.Seeding.WorkItemSeedStrategy[0]
      Creating ticket: Design mockups for homepage and landing pages
info: Microsoft.EntityFrameworkCore.Database.Command[20101]
      Executed DbCommand (2ms) [Parameters=[@p0='?' (DbType = Guid), @p1='?', @p2='?' (DbType = DateTime), @p3='?' (DbType = DateTime), @p4='?', @p5='?', @p6='?' (DbType = DateTime), @p7='?' (DbType = Guid), @p8='?', @p9='?' (Size = 2), @p10='?', @p11='?' (Size = 45), @p12='?', @p13='?' (Size = 2), @p14='?' (DbType = Int32), @p15='?' (Size = 25), @p16='?' (DbType = Guid), @p17='?' (DbType = Double), @p18='?' (DbType = Guid), @p19='?', @p20='?' (Size = 36), @p21='?' (DbType = Int32), @p22='?' (DbType = Guid), @p23='?' (Size = 10), @p24='?' (DbType = Int32), @p25='?' (DbType = Int32), @p26='?' (Size = 45), @p27='?' (DbType = DateTime), @p28='?' (Size = 2), @p29='?' (Size = 4)], CommandType='Text', CommandTimeout='30']
      INSERT INTO "Tickets" ("Guid", "AiSummary", "CompletionDate", "CompletionTarget", "ConfigVersionId", "ContentHash", "CreationDate", "CreatorGuid", "CurrentProjectName", "CustomFieldsJson", "CustomerId", "Description", "DomainCustomFieldsJson", "DomainId", "EstimatedEffortPoints", "GerdaTags", "ParentTicketGuid", "PriorityScore", "ProjectGuid", "RecommendedProjectName", "ResponsibleId", "ReviewStatus", "SolvedByArticleId", "Status", "TicketStatus", "TicketType", "Title", "ValidUntil", "WatcherIds", "WorkItemTypeCode")
      VALUES (@p0, @p1, @p2, @p3, @p4, @p5, @p6, @p7, @p8, @p9, @p10, @p11, @p12, @p13, @p14, @p15, @p16, @p17, @p18, @p19, @p20, @p21, @p22, @p23, @p24, @p25, @p26, @p27, @p28, @p29)
      RETURNING "ComputedCategory", "ComputedPriority";
info: Microsoft.EntityFrameworkCore.Database.Command[20101]
      Executed DbCommand (0ms) [Parameters=[@commentDto_AuthorEmail='?' (Size = 15)], CommandType='Text', CommandTimeout='30']
      SELECT "a"."Id", "a"."AccessFailedCount", "a"."Code", "a"."ConcurrencyStamp", "a"."Discriminator", "a"."Email", "a"."EmailConfirmed", "a"."FirstName", "a"."Language", "a"."LastName", "a"."LockoutEnabled", "a"."LockoutEnd", "a"."NormalizedEmail", "a"."NormalizedUserName", "a"."PasswordHash", "a"."Phone", "a"."PhoneNumber", "a"."PhoneNumberConfirmed", "a"."Region", "a"."SecurityStamp", "a"."StakeholderProjectId", "a"."TwoFactorEnabled", "a"."UserName", "a"."DepartmentId", "a"."Level", "a"."MaxCapacityPoints", "a"."ProfilePicturePath", "a"."ResourceProjectId", "a"."Specializations", "a"."Team"
      FROM "AspNetUsers" AS "a"
      WHERE "a"."Email" = @commentDto_AuthorEmail
      LIMIT 1
info: Microsoft.EntityFrameworkCore.Database.Command[20101]
      Executed DbCommand (0ms) [Parameters=[@commentDto_AuthorEmail='?' (Size = 21)], CommandType='Text', CommandTimeout='30']
      SELECT "a"."Id", "a"."AccessFailedCount", "a"."Code", "a"."ConcurrencyStamp", "a"."Discriminator", "a"."Email", "a"."EmailConfirmed", "a"."FirstName", "a"."Language", "a"."LastName", "a"."LockoutEnabled", "a"."LockoutEnd", "a"."NormalizedEmail", "a"."NormalizedUserName", "a"."PasswordHash", "a"."Phone", "a"."PhoneNumber", "a"."PhoneNumberConfirmed", "a"."Region", "a"."SecurityStamp", "a"."StakeholderProjectId", "a"."TwoFactorEnabled", "a"."UserName", "a"."DepartmentId", "a"."Level", "a"."MaxCapacityPoints", "a"."ProfilePicturePath", "a"."ResourceProjectId", "a"."Specializations", "a"."Team"
      FROM "AspNetUsers" AS "a"
      WHERE "a"."Email" = @commentDto_AuthorEmail
      LIMIT 1
info: Microsoft.EntityFrameworkCore.Database.Command[20101]
      Executed DbCommand (0ms) [Parameters=[@commentDto_AuthorEmail='?' (Size = 23)], CommandType='Text', CommandTimeout='30']
      SELECT "a"."Id", "a"."AccessFailedCount", "a"."Code", "a"."ConcurrencyStamp", "a"."Discriminator", "a"."Email", "a"."EmailConfirmed", "a"."FirstName", "a"."Language", "a"."LastName", "a"."LockoutEnabled", "a"."LockoutEnd", "a"."NormalizedEmail", "a"."NormalizedUserName", "a"."PasswordHash", "a"."Phone", "a"."PhoneNumber", "a"."PhoneNumberConfirmed", "a"."Region", "a"."SecurityStamp", "a"."StakeholderProjectId", "a"."TwoFactorEnabled", "a"."UserName", "a"."DepartmentId", "a"."Level", "a"."MaxCapacityPoints", "a"."ProfilePicturePath", "a"."ResourceProjectId", "a"."Specializations", "a"."Team"
      FROM "AspNetUsers" AS "a"
      WHERE "a"."Email" = @commentDto_AuthorEmail
      LIMIT 1
info: Microsoft.EntityFrameworkCore.Database.Command[20101]
      Executed DbCommand (0ms) [Parameters=[@p0='?' (DbType = Guid), @p1='?' (Size = 36), @p2='?' (Size = 76), @p3='?' (DbType = DateTime), @p4='?' (DbType = Boolean), @p5='?' (DbType = Guid)], CommandType='Text', CommandTimeout='30']
      INSERT INTO "TicketComments" ("Id", "AuthorId", "Body", "CreatedAt", "IsInternal", "TicketId")
      VALUES (@p0, @p1, @p2, @p3, @p4, @p5);
info: Microsoft.EntityFrameworkCore.Database.Command[20101]
      Executed DbCommand (0ms) [Parameters=[@p0='?' (DbType = Guid), @p1='?' (Size = 36), @p2='?' (Size = 82), @p3='?' (DbType = DateTime), @p4='?' (DbType = Boolean), @p5='?' (DbType = Guid)], CommandType='Text', CommandTimeout='30']
      INSERT INTO "TicketComments" ("Id", "AuthorId", "Body", "CreatedAt", "IsInternal", "TicketId")
      VALUES (@p0, @p1, @p2, @p3, @p4, @p5);
info: Microsoft.EntityFrameworkCore.Database.Command[20101]
      Executed DbCommand (0ms) [Parameters=[@p0='?' (DbType = Guid), @p1='?' (Size = 36), @p2='?' (Size = 146), @p3='?' (DbType = DateTime), @p4='?' (DbType = Boolean), @p5='?' (DbType = Guid)], CommandType='Text', CommandTimeout='30']
      INSERT INTO "TicketComments" ("Id", "AuthorId", "Body", "CreatedAt", "IsInternal", "TicketId")
      VALUES (@p0, @p1, @p2, @p3, @p4, @p5);
info: Microsoft.EntityFrameworkCore.Database.Command[20101]
      Executed DbCommand (0ms) [Parameters=[@title='?' (Size = 36), @projectId='?' (DbType = Guid)], CommandType='Text', CommandTimeout='30']
      SELECT EXISTS (
          SELECT 1
          FROM "Tickets" AS "t"
          WHERE "t"."Title" = @title AND "t"."ProjectGuid" = @projectId)
info: Microsoft.EntityFrameworkCore.Database.Command[20101]
      Executed DbCommand (0ms) [Parameters=[@itemDto_ResponsibleEmail='?' (Size = 23)], CommandType='Text', CommandTimeout='30']
      SELECT "a"."Id", "a"."AccessFailedCount", "a"."Code", "a"."ConcurrencyStamp", "a"."Discriminator", "a"."Email", "a"."EmailConfirmed", "a"."FirstName", "a"."Language", "a"."LastName", "a"."LockoutEnabled", "a"."LockoutEnd", "a"."NormalizedEmail", "a"."NormalizedUserName", "a"."PasswordHash", "a"."Phone", "a"."PhoneNumber", "a"."PhoneNumberConfirmed", "a"."Region", "a"."SecurityStamp", "a"."StakeholderProjectId", "a"."TwoFactorEnabled", "a"."UserName", "a"."DepartmentId", "a"."Level", "a"."MaxCapacityPoints", "a"."ProfilePicturePath", "a"."ResourceProjectId", "a"."Specializations", "a"."Team"
      FROM "AspNetUsers" AS "a"
      WHERE "a"."Email" = @itemDto_ResponsibleEmail
      LIMIT 1
info: TicketMasala.Web.Data.Seeding.WorkItemSeedStrategy[0]
      Creating ticket: Implement responsive navigation menu
info: Microsoft.EntityFrameworkCore.Database.Command[20101]
      Executed DbCommand (0ms) [Parameters=[@p0='?' (DbType = Guid), @p1='?', @p2='?' (DbType = DateTime), @p3='?' (DbType = DateTime), @p4='?', @p5='?', @p6='?' (DbType = DateTime), @p7='?' (DbType = Guid), @p8='?', @p9='?' (Size = 2), @p10='?', @p11='?' (Size = 36), @p12='?', @p13='?' (Size = 2), @p14='?' (DbType = Int32), @p15='?' (Size = 21), @p16='?' (DbType = Guid), @p17='?' (DbType = Double), @p18='?' (DbType = Guid), @p19='?', @p20='?' (Size = 36), @p21='?' (DbType = Int32), @p22='?' (DbType = Guid), @p23='?' (Size = 10), @p24='?' (DbType = Int32), @p25='?' (DbType = Int32), @p26='?' (Size = 36), @p27='?' (DbType = DateTime), @p28='?' (Size = 2), @p29='?' (Size = 4)], CommandType='Text', CommandTimeout='30']
      INSERT INTO "Tickets" ("Guid", "AiSummary", "CompletionDate", "CompletionTarget", "ConfigVersionId", "ContentHash", "CreationDate", "CreatorGuid", "CurrentProjectName", "CustomFieldsJson", "CustomerId", "Description", "DomainCustomFieldsJson", "DomainId", "EstimatedEffortPoints", "GerdaTags", "ParentTicketGuid", "PriorityScore", "ProjectGuid", "RecommendedProjectName", "ResponsibleId", "ReviewStatus", "SolvedByArticleId", "Status", "TicketStatus", "TicketType", "Title", "ValidUntil", "WatcherIds", "WorkItemTypeCode")
      VALUES (@p0, @p1, @p2, @p3, @p4, @p5, @p6, @p7, @p8, @p9, @p10, @p11, @p12, @p13, @p14, @p15, @p16, @p17, @p18, @p19, @p20, @p21, @p22, @p23, @p24, @p25, @p26, @p27, @p28, @p29)
      RETURNING "ComputedCategory", "ComputedPriority";
info: Microsoft.EntityFrameworkCore.Database.Command[20101]
      Executed DbCommand (0ms) [Parameters=[@title='?' (Size = 37), @projectId='?' (DbType = Guid)], CommandType='Text', CommandTimeout='30']
      SELECT EXISTS (
          SELECT 1
          FROM "Tickets" AS "t"
          WHERE "t"."Title" = @title AND "t"."ProjectGuid" = @projectId)
info: Microsoft.EntityFrameworkCore.Database.Command[20101]
      Executed DbCommand (0ms) [Parameters=[@itemDto_ResponsibleEmail='?' (Size = 26)], CommandType='Text', CommandTimeout='30']
      SELECT "a"."Id", "a"."AccessFailedCount", "a"."Code", "a"."ConcurrencyStamp", "a"."Discriminator", "a"."Email", "a"."EmailConfirmed", "a"."FirstName", "a"."Language", "a"."LastName", "a"."LockoutEnabled", "a"."LockoutEnd", "a"."NormalizedEmail", "a"."NormalizedUserName", "a"."PasswordHash", "a"."Phone", "a"."PhoneNumber", "a"."PhoneNumberConfirmed", "a"."Region", "a"."SecurityStamp", "a"."StakeholderProjectId", "a"."TwoFactorEnabled", "a"."UserName", "a"."DepartmentId", "a"."Level", "a"."MaxCapacityPoints", "a"."ProfilePicturePath", "a"."ResourceProjectId", "a"."Specializations", "a"."Team"
      FROM "AspNetUsers" AS "a"
      WHERE "a"."Email" = @itemDto_ResponsibleEmail
      LIMIT 1
info: TicketMasala.Web.Data.Seeding.WorkItemSeedStrategy[0]
      Creating ticket: Set up CDN and optimize image loading
info: Microsoft.EntityFrameworkCore.Database.Command[20101]
      Executed DbCommand (0ms) [Parameters=[@p0='?' (DbType = Guid), @p1='?', @p2='?' (DbType = DateTime), @p3='?' (DbType = DateTime), @p4='?', @p5='?', @p6='?' (DbType = DateTime), @p7='?' (DbType = Guid), @p8='?', @p9='?' (Size = 2), @p10='?', @p11='?' (Size = 37), @p12='?', @p13='?' (Size = 2), @p14='?' (DbType = Int32), @p15='?' (Size = 27), @p16='?' (DbType = Guid), @p17='?' (DbType = Double), @p18='?' (DbType = Guid), @p19='?', @p20='?' (Size = 36), @p21='?' (DbType = Int32), @p22='?' (DbType = Guid), @p23='?' (Size = 7), @p24='?' (DbType = Int32), @p25='?' (DbType = Int32), @p26='?' (Size = 37), @p27='?' (DbType = DateTime), @p28='?' (Size = 2), @p29='?' (Size = 4)], CommandType='Text', CommandTimeout='30']
      INSERT INTO "Tickets" ("Guid", "AiSummary", "CompletionDate", "CompletionTarget", "ConfigVersionId", "ContentHash", "CreationDate", "CreatorGuid", "CurrentProjectName", "CustomFieldsJson", "CustomerId", "Description", "DomainCustomFieldsJson", "DomainId", "EstimatedEffortPoints", "GerdaTags", "ParentTicketGuid", "PriorityScore", "ProjectGuid", "RecommendedProjectName", "ResponsibleId", "ReviewStatus", "SolvedByArticleId", "Status", "TicketStatus", "TicketType", "Title", "ValidUntil", "WatcherIds", "WorkItemTypeCode")
      VALUES (@p0, @p1, @p2, @p3, @p4, @p5, @p6, @p7, @p8, @p9, @p10, @p11, @p12, @p13, @p14, @p15, @p16, @p17, @p18, @p19, @p20, @p21, @p22, @p23, @p24, @p25, @p26, @p27, @p28, @p29)
      RETURNING "ComputedCategory", "ComputedPriority";
info: Microsoft.EntityFrameworkCore.Database.Command[20101]
      Executed DbCommand (0ms) [Parameters=[@title='?' (Size = 39), @projectId='?' (DbType = Guid)], CommandType='Text', CommandTimeout='30']
      SELECT EXISTS (
          SELECT 1
          FROM "Tickets" AS "t"
          WHERE "t"."Title" = @title AND "t"."ProjectGuid" = @projectId)
info: Microsoft.EntityFrameworkCore.Database.Command[20101]
      Executed DbCommand (0ms) [Parameters=[@itemDto_ResponsibleEmail='?' (Size = 23)], CommandType='Text', CommandTimeout='30']
      SELECT "a"."Id", "a"."AccessFailedCount", "a"."Code", "a"."ConcurrencyStamp", "a"."Discriminator", "a"."Email", "a"."EmailConfirmed", "a"."FirstName", "a"."Language", "a"."LastName", "a"."LockoutEnabled", "a"."LockoutEnd", "a"."NormalizedEmail", "a"."NormalizedUserName", "a"."PasswordHash", "a"."Phone", "a"."PhoneNumber", "a"."PhoneNumberConfirmed", "a"."Region", "a"."SecurityStamp", "a"."StakeholderProjectId", "a"."TwoFactorEnabled", "a"."UserName", "a"."DepartmentId", "a"."Level", "a"."MaxCapacityPoints", "a"."ProfilePicturePath", "a"."ResourceProjectId", "a"."Specializations", "a"."Team"
      FROM "AspNetUsers" AS "a"
      WHERE "a"."Email" = @itemDto_ResponsibleEmail
      LIMIT 1
info: TicketMasala.Web.Data.Seeding.WorkItemSeedStrategy[0]
      Creating ticket: Accessibility audit and WCAG compliance
info: Microsoft.EntityFrameworkCore.Database.Command[20101]
      Executed DbCommand (0ms) [Parameters=[@p0='?' (DbType = Guid), @p1='?', @p2='?' (DbType = DateTime), @p3='?' (DbType = DateTime), @p4='?', @p5='?', @p6='?' (DbType = DateTime), @p7='?' (DbType = Guid), @p8='?', @p9='?' (Size = 2), @p10='?', @p11='?' (Size = 39), @p12='?', @p13='?' (Size = 2), @p14='?' (DbType = Int32), @p15='?' (Size = 32), @p16='?' (DbType = Guid), @p17='?' (DbType = Double), @p18='?' (DbType = Guid), @p19='?', @p20='?' (Size = 36), @p21='?' (DbType = Int32), @p22='?' (DbType = Guid), @p23='?' (Size = 7), @p24='?' (DbType = Int32), @p25='?' (DbType = Int32), @p26='?' (Size = 39), @p27='?' (DbType = DateTime), @p28='?' (Size = 2), @p29='?' (Size = 4)], CommandType='Text', CommandTimeout='30']
      INSERT INTO "Tickets" ("Guid", "AiSummary", "CompletionDate", "CompletionTarget", "ConfigVersionId", "ContentHash", "CreationDate", "CreatorGuid", "CurrentProjectName", "CustomFieldsJson", "CustomerId", "Description", "DomainCustomFieldsJson", "DomainId", "EstimatedEffortPoints", "GerdaTags", "ParentTicketGuid", "PriorityScore", "ProjectGuid", "RecommendedProjectName", "ResponsibleId", "ReviewStatus", "SolvedByArticleId", "Status", "TicketStatus", "TicketType", "Title", "ValidUntil", "WatcherIds", "WorkItemTypeCode")
      VALUES (@p0, @p1, @p2, @p3, @p4, @p5, @p6, @p7, @p8, @p9, @p10, @p11, @p12, @p13, @p14, @p15, @p16, @p17, @p18, @p19, @p20, @p21, @p22, @p23, @p24, @p25, @p26, @p27, @p28, @p29)
      RETURNING "ComputedCategory", "ComputedPriority";
info: Microsoft.EntityFrameworkCore.Database.Command[20101]
      Executed DbCommand (0ms) [Parameters=[@containerDto_Name='?' (Size = 37)], CommandType='Text', CommandTimeout='30']
      SELECT "p"."Guid", "p"."CompletionDate", "p"."CompletionTarget", "p"."CreationDate", "p"."CreatorGuid", "p"."CustomerId", "p"."CustomerIds", "p"."DepartmentId", "p"."Description", "p"."Name", "p"."Notes", "p"."ProjectAiRoadmap", "p"."ProjectManagerId", "p"."ProjectType", "p"."Status", "p"."ValidUntil"
      FROM "Projects" AS "p"
      WHERE "p"."Name" = @containerDto_Name
      LIMIT 1
info: Microsoft.EntityFrameworkCore.Database.Command[20101]
      Executed DbCommand (0ms) [Parameters=[@containerDto_ProjectManagerEmail='?' (Size = 29)], CommandType='Text', CommandTimeout='30']
      SELECT "a"."Id", "a"."AccessFailedCount", "a"."Code", "a"."ConcurrencyStamp", "a"."Discriminator", "a"."Email", "a"."EmailConfirmed", "a"."FirstName", "a"."Language", "a"."LastName", "a"."LockoutEnabled", "a"."LockoutEnd", "a"."NormalizedEmail", "a"."NormalizedUserName", "a"."PasswordHash", "a"."Phone", "a"."PhoneNumber", "a"."PhoneNumberConfirmed", "a"."Region", "a"."SecurityStamp", "a"."StakeholderProjectId", "a"."TwoFactorEnabled", "a"."UserName", "a"."DepartmentId", "a"."Level", "a"."MaxCapacityPoints", "a"."ProfilePicturePath", "a"."ResourceProjectId", "a"."Specializations", "a"."Team"
      FROM "AspNetUsers" AS "a"
      WHERE "a"."Email" = @containerDto_ProjectManagerEmail
      LIMIT 1
info: Microsoft.EntityFrameworkCore.Database.Command[20101]
      Executed DbCommand (0ms) [Parameters=[@containerDto_CustomerEmail='?' (Size = 17)], CommandType='Text', CommandTimeout='30']
      SELECT "a"."Id", "a"."AccessFailedCount", "a"."Code", "a"."ConcurrencyStamp", "a"."Discriminator", "a"."Email", "a"."EmailConfirmed", "a"."FirstName", "a"."Language", "a"."LastName", "a"."LockoutEnabled", "a"."LockoutEnd", "a"."NormalizedEmail", "a"."NormalizedUserName", "a"."PasswordHash", "a"."Phone", "a"."PhoneNumber", "a"."PhoneNumberConfirmed", "a"."Region", "a"."SecurityStamp", "a"."StakeholderProjectId", "a"."TwoFactorEnabled", "a"."UserName", "a"."DepartmentId", "a"."Level", "a"."MaxCapacityPoints", "a"."ProfilePicturePath", "a"."ResourceProjectId", "a"."Specializations", "a"."Team"
      FROM "AspNetUsers" AS "a"
      WHERE "a"."Email" = @containerDto_CustomerEmail
      LIMIT 1
info: Microsoft.EntityFrameworkCore.Database.Command[20101]
      Executed DbCommand (1ms) [Parameters=[@p0='?' (DbType = Guid), @p1='?' (DbType = DateTime), @p2='?' (DbType = DateTime), @p3='?' (DbType = DateTime), @p4='?' (DbType = Guid), @p5='?' (Size = 36), @p6='?' (Size = 2), @p7='?' (DbType = Guid), @p8='?' (Size = 85), @p9='?' (Size = 37), @p10='?', @p11='?', @p12='?' (Size = 36), @p13='?', @p14='?' (DbType = Int32), @p15='?' (DbType = DateTime)], CommandType='Text', CommandTimeout='30']
      INSERT INTO "Projects" ("Guid", "CompletionDate", "CompletionTarget", "CreationDate", "CreatorGuid", "CustomerId", "CustomerIds", "DepartmentId", "Description", "Name", "Notes", "ProjectAiRoadmap", "ProjectManagerId", "ProjectType", "Status", "ValidUntil")
      VALUES (@p0, @p1, @p2, @p3, @p4, @p5, @p6, @p7, @p8, @p9, @p10, @p11, @p12, @p13, @p14, @p15);
info: TicketMasala.Web.Data.Seeding.WorkItemSeedStrategy[0]
      Created project: Enterprise API Integration - TechCorp
info: Microsoft.EntityFrameworkCore.Database.Command[20101]
      Executed DbCommand (0ms) [Parameters=[@title='?' (Size = 37), @projectId='?' (DbType = Guid)], CommandType='Text', CommandTimeout='30']
      SELECT EXISTS (
          SELECT 1
          FROM "Tickets" AS "t"
          WHERE "t"."Title" = @title AND "t"."ProjectGuid" = @projectId)
info: Microsoft.EntityFrameworkCore.Database.Command[20101]
      Executed DbCommand (0ms) [Parameters=[@itemDto_ResponsibleEmail='?' (Size = 22)], CommandType='Text', CommandTimeout='30']
      SELECT "a"."Id", "a"."AccessFailedCount", "a"."Code", "a"."ConcurrencyStamp", "a"."Discriminator", "a"."Email", "a"."EmailConfirmed", "a"."FirstName", "a"."Language", "a"."LastName", "a"."LockoutEnabled", "a"."LockoutEnd", "a"."NormalizedEmail", "a"."NormalizedUserName", "a"."PasswordHash", "a"."Phone", "a"."PhoneNumber", "a"."PhoneNumberConfirmed", "a"."Region", "a"."SecurityStamp", "a"."StakeholderProjectId", "a"."TwoFactorEnabled", "a"."UserName", "a"."DepartmentId", "a"."Level", "a"."MaxCapacityPoints", "a"."ProfilePicturePath", "a"."ResourceProjectId", "a"."Specializations", "a"."Team"
      FROM "AspNetUsers" AS "a"
      WHERE "a"."Email" = @itemDto_ResponsibleEmail
      LIMIT 1
info: TicketMasala.Web.Data.Seeding.WorkItemSeedStrategy[0]
      Creating ticket: API authentication and security setup
info: Microsoft.EntityFrameworkCore.Database.Command[20101]
      Executed DbCommand (0ms) [Parameters=[@p0='?' (DbType = Guid), @p1='?', @p2='?' (DbType = DateTime), @p3='?' (DbType = DateTime), @p4='?', @p5='?', @p6='?' (DbType = DateTime), @p7='?' (DbType = Guid), @p8='?', @p9='?' (Size = 2), @p10='?', @p11='?' (Size = 37), @p12='?', @p13='?' (Size = 2), @p14='?' (DbType = Int32), @p15='?' (Size = 26), @p16='?' (DbType = Guid), @p17='?' (DbType = Double), @p18='?' (DbType = Guid), @p19='?', @p20='?' (Size = 36), @p21='?' (DbType = Int32), @p22='?' (DbType = Guid), @p23='?' (Size = 9), @p24='?' (DbType = Int32), @p25='?' (DbType = Int32), @p26='?' (Size = 37), @p27='?' (DbType = DateTime), @p28='?' (Size = 2), @p29='?' (Size = 4)], CommandType='Text', CommandTimeout='30']
      INSERT INTO "Tickets" ("Guid", "AiSummary", "CompletionDate", "CompletionTarget", "ConfigVersionId", "ContentHash", "CreationDate", "CreatorGuid", "CurrentProjectName", "CustomFieldsJson", "CustomerId", "Description", "DomainCustomFieldsJson", "DomainId", "EstimatedEffortPoints", "GerdaTags", "ParentTicketGuid", "PriorityScore", "ProjectGuid", "RecommendedProjectName", "ResponsibleId", "ReviewStatus", "SolvedByArticleId", "Status", "TicketStatus", "TicketType", "Title", "ValidUntil", "WatcherIds", "WorkItemTypeCode")
      VALUES (@p0, @p1, @p2, @p3, @p4, @p5, @p6, @p7, @p8, @p9, @p10, @p11, @p12, @p13, @p14, @p15, @p16, @p17, @p18, @p19, @p20, @p21, @p22, @p23, @p24, @p25, @p26, @p27, @p28, @p29)
      RETURNING "ComputedCategory", "ComputedPriority";
info: Microsoft.EntityFrameworkCore.Database.Command[20101]
      Executed DbCommand (0ms) [Parameters=[@commentDto_AuthorEmail='?' (Size = 22)], CommandType='Text', CommandTimeout='30']
      SELECT "a"."Id", "a"."AccessFailedCount", "a"."Code", "a"."ConcurrencyStamp", "a"."Discriminator", "a"."Email", "a"."EmailConfirmed", "a"."FirstName", "a"."Language", "a"."LastName", "a"."LockoutEnabled", "a"."LockoutEnd", "a"."NormalizedEmail", "a"."NormalizedUserName", "a"."PasswordHash", "a"."Phone", "a"."PhoneNumber", "a"."PhoneNumberConfirmed", "a"."Region", "a"."SecurityStamp", "a"."StakeholderProjectId", "a"."TwoFactorEnabled", "a"."UserName", "a"."DepartmentId", "a"."Level", "a"."MaxCapacityPoints", "a"."ProfilePicturePath", "a"."ResourceProjectId", "a"."Specializations", "a"."Team"
      FROM "AspNetUsers" AS "a"
      WHERE "a"."Email" = @commentDto_AuthorEmail
      LIMIT 1
info: Microsoft.EntityFrameworkCore.Database.Command[20101]
      Executed DbCommand (1ms) [Parameters=[@p0='?' (DbType = Guid), @p1='?' (Size = 36), @p2='?' (Size = 64), @p3='?' (DbType = DateTime), @p4='?' (DbType = Boolean), @p5='?' (DbType = Guid)], CommandType='Text', CommandTimeout='30']
      INSERT INTO "TicketComments" ("Id", "AuthorId", "Body", "CreatedAt", "IsInternal", "TicketId")
      VALUES (@p0, @p1, @p2, @p3, @p4, @p5);
info: Microsoft.EntityFrameworkCore.Database.Command[20101]
      Executed DbCommand (0ms) [Parameters=[@title='?' (Size = 37), @projectId='?' (DbType = Guid)], CommandType='Text', CommandTimeout='30']
      SELECT EXISTS (
          SELECT 1
          FROM "Tickets" AS "t"
          WHERE "t"."Title" = @title AND "t"."ProjectGuid" = @projectId)
info: Microsoft.EntityFrameworkCore.Database.Command[20101]
      Executed DbCommand (0ms) [Parameters=[@itemDto_ResponsibleEmail='?' (Size = 22)], CommandType='Text', CommandTimeout='30']
      SELECT "a"."Id", "a"."AccessFailedCount", "a"."Code", "a"."ConcurrencyStamp", "a"."Discriminator", "a"."Email", "a"."EmailConfirmed", "a"."FirstName", "a"."Language", "a"."LastName", "a"."LockoutEnabled", "a"."LockoutEnd", "a"."NormalizedEmail", "a"."NormalizedUserName", "a"."PasswordHash", "a"."Phone", "a"."PhoneNumber", "a"."PhoneNumberConfirmed", "a"."Region", "a"."SecurityStamp", "a"."StakeholderProjectId", "a"."TwoFactorEnabled", "a"."UserName", "a"."DepartmentId", "a"."Level", "a"."MaxCapacityPoints", "a"."ProfilePicturePath", "a"."ResourceProjectId", "a"."Specializations", "a"."Team"
      FROM "AspNetUsers" AS "a"
      WHERE "a"."Email" = @itemDto_ResponsibleEmail
      LIMIT 1
info: TicketMasala.Web.Data.Seeding.WorkItemSeedStrategy[0]
      Creating ticket: Data mapping and transformation layer
info: Microsoft.EntityFrameworkCore.Database.Command[20101]
      Executed DbCommand (0ms) [Parameters=[@p0='?' (DbType = Guid), @p1='?', @p2='?' (DbType = DateTime), @p3='?' (DbType = DateTime), @p4='?', @p5='?', @p6='?' (DbType = DateTime), @p7='?' (DbType = Guid), @p8='?', @p9='?' (Size = 2), @p10='?', @p11='?' (Size = 37), @p12='?', @p13='?' (Size = 2), @p14='?' (DbType = Int32), @p15='?' (Size = 24), @p16='?' (DbType = Guid), @p17='?' (DbType = Double), @p18='?' (DbType = Guid), @p19='?', @p20='?' (Size = 36), @p21='?' (DbType = Int32), @p22='?' (DbType = Guid), @p23='?' (Size = 10), @p24='?' (DbType = Int32), @p25='?' (DbType = Int32), @p26='?' (Size = 37), @p27='?' (DbType = DateTime), @p28='?' (Size = 2), @p29='?' (Size = 4)], CommandType='Text', CommandTimeout='30']
      INSERT INTO "Tickets" ("Guid", "AiSummary", "CompletionDate", "CompletionTarget", "ConfigVersionId", "ContentHash", "CreationDate", "CreatorGuid", "CurrentProjectName", "CustomFieldsJson", "CustomerId", "Description", "DomainCustomFieldsJson", "DomainId", "EstimatedEffortPoints", "GerdaTags", "ParentTicketGuid", "PriorityScore", "ProjectGuid", "RecommendedProjectName", "ResponsibleId", "ReviewStatus", "SolvedByArticleId", "Status", "TicketStatus", "TicketType", "Title", "ValidUntil", "WatcherIds", "WorkItemTypeCode")
      VALUES (@p0, @p1, @p2, @p3, @p4, @p5, @p6, @p7, @p8, @p9, @p10, @p11, @p12, @p13, @p14, @p15, @p16, @p17, @p18, @p19, @p20, @p21, @p22, @p23, @p24, @p25, @p26, @p27, @p28, @p29)
      RETURNING "ComputedCategory", "ComputedPriority";
info: Microsoft.EntityFrameworkCore.Database.Command[20101]
      Executed DbCommand (0ms) [Parameters=[@title='?' (Size = 32), @projectId='?' (DbType = Guid)], CommandType='Text', CommandTimeout='30']
      SELECT EXISTS (
          SELECT 1
          FROM "Tickets" AS "t"
          WHERE "t"."Title" = @title AND "t"."ProjectGuid" = @projectId)
info: Microsoft.EntityFrameworkCore.Database.Command[20101]
      Executed DbCommand (0ms) [Parameters=[@itemDto_ResponsibleEmail='?' (Size = 22)], CommandType='Text', CommandTimeout='30']
      SELECT "a"."Id", "a"."AccessFailedCount", "a"."Code", "a"."ConcurrencyStamp", "a"."Discriminator", "a"."Email", "a"."EmailConfirmed", "a"."FirstName", "a"."Language", "a"."LastName", "a"."LockoutEnabled", "a"."LockoutEnd", "a"."NormalizedEmail", "a"."NormalizedUserName", "a"."PasswordHash", "a"."Phone", "a"."PhoneNumber", "a"."PhoneNumberConfirmed", "a"."Region", "a"."SecurityStamp", "a"."StakeholderProjectId", "a"."TwoFactorEnabled", "a"."UserName", "a"."DepartmentId", "a"."Level", "a"."MaxCapacityPoints", "a"."ProfilePicturePath", "a"."ResourceProjectId", "a"."Specializations", "a"."Team"
      FROM "AspNetUsers" AS "a"
      WHERE "a"."Email" = @itemDto_ResponsibleEmail
      LIMIT 1
info: TicketMasala.Web.Data.Seeding.WorkItemSeedStrategy[0]
      Creating ticket: Real-time webhook implementation
info: Microsoft.EntityFrameworkCore.Database.Command[20101]
      Executed DbCommand (0ms) [Parameters=[@p0='?' (DbType = Guid), @p1='?', @p2='?' (DbType = DateTime), @p3='?' (DbType = DateTime), @p4='?', @p5='?', @p6='?' (DbType = DateTime), @p7='?' (DbType = Guid), @p8='?', @p9='?' (Size = 2), @p10='?', @p11='?' (Size = 32), @p12='?', @p13='?' (Size = 2), @p14='?' (DbType = Int32), @p15='?' (Size = 19), @p16='?' (DbType = Guid), @p17='?' (DbType = Double), @p18='?' (DbType = Guid), @p19='?', @p20='?' (Size = 36), @p21='?' (DbType = Int32), @p22='?' (DbType = Guid), @p23='?' (Size = 7), @p24='?' (DbType = Int32), @p25='?' (DbType = Int32), @p26='?' (Size = 32), @p27='?' (DbType = DateTime), @p28='?' (Size = 2), @p29='?' (Size = 4)], CommandType='Text', CommandTimeout='30']
      INSERT INTO "Tickets" ("Guid", "AiSummary", "CompletionDate", "CompletionTarget", "ConfigVersionId", "ContentHash", "CreationDate", "CreatorGuid", "CurrentProjectName", "CustomFieldsJson", "CustomerId", "Description", "DomainCustomFieldsJson", "DomainId", "EstimatedEffortPoints", "GerdaTags", "ParentTicketGuid", "PriorityScore", "ProjectGuid", "RecommendedProjectName", "ResponsibleId", "ReviewStatus", "SolvedByArticleId", "Status", "TicketStatus", "TicketType", "Title", "ValidUntil", "WatcherIds", "WorkItemTypeCode")
      VALUES (@p0, @p1, @p2, @p3, @p4, @p5, @p6, @p7, @p8, @p9, @p10, @p11, @p12, @p13, @p14, @p15, @p16, @p17, @p18, @p19, @p20, @p21, @p22, @p23, @p24, @p25, @p26, @p27, @p28, @p29)
      RETURNING "ComputedCategory", "ComputedPriority";
info: Microsoft.EntityFrameworkCore.Database.Command[20101]
      Executed DbCommand (0ms) [Parameters=[@containerDto_Name='?' (Size = 38)], CommandType='Text', CommandTimeout='30']
      SELECT "p"."Guid", "p"."CompletionDate", "p"."CompletionTarget", "p"."CreationDate", "p"."CreatorGuid", "p"."CustomerId", "p"."CustomerIds", "p"."DepartmentId", "p"."Description", "p"."Name", "p"."Notes", "p"."ProjectAiRoadmap", "p"."ProjectManagerId", "p"."ProjectType", "p"."Status", "p"."ValidUntil"
      FROM "Projects" AS "p"
      WHERE "p"."Name" = @containerDto_Name
      LIMIT 1
info: Microsoft.EntityFrameworkCore.Database.Command[20101]
      Executed DbCommand (0ms) [Parameters=[@containerDto_ProjectManagerEmail='?' (Size = 26)], CommandType='Text', CommandTimeout='30']
      SELECT "a"."Id", "a"."AccessFailedCount", "a"."Code", "a"."ConcurrencyStamp", "a"."Discriminator", "a"."Email", "a"."EmailConfirmed", "a"."FirstName", "a"."Language", "a"."LastName", "a"."LockoutEnabled", "a"."LockoutEnd", "a"."NormalizedEmail", "a"."NormalizedUserName", "a"."PasswordHash", "a"."Phone", "a"."PhoneNumber", "a"."PhoneNumberConfirmed", "a"."Region", "a"."SecurityStamp", "a"."StakeholderProjectId", "a"."TwoFactorEnabled", "a"."UserName", "a"."DepartmentId", "a"."Level", "a"."MaxCapacityPoints", "a"."ProfilePicturePath", "a"."ResourceProjectId", "a"."Specializations", "a"."Team"
      FROM "AspNetUsers" AS "a"
      WHERE "a"."Email" = @containerDto_ProjectManagerEmail
      LIMIT 1
info: Microsoft.EntityFrameworkCore.Database.Command[20101]
      Executed DbCommand (0ms) [Parameters=[@containerDto_CustomerEmail='?' (Size = 18)], CommandType='Text', CommandTimeout='30']
      SELECT "a"."Id", "a"."AccessFailedCount", "a"."Code", "a"."ConcurrencyStamp", "a"."Discriminator", "a"."Email", "a"."EmailConfirmed", "a"."FirstName", "a"."Language", "a"."LastName", "a"."LockoutEnabled", "a"."LockoutEnd", "a"."NormalizedEmail", "a"."NormalizedUserName", "a"."PasswordHash", "a"."Phone", "a"."PhoneNumber", "a"."PhoneNumberConfirmed", "a"."Region", "a"."SecurityStamp", "a"."StakeholderProjectId", "a"."TwoFactorEnabled", "a"."UserName", "a"."DepartmentId", "a"."Level", "a"."MaxCapacityPoints", "a"."ProfilePicturePath", "a"."ResourceProjectId", "a"."Specializations", "a"."Team"
      FROM "AspNetUsers" AS "a"
      WHERE "a"."Email" = @containerDto_CustomerEmail
      LIMIT 1
info: Microsoft.EntityFrameworkCore.Database.Command[20101]
      Executed DbCommand (1ms) [Parameters=[@p0='?' (DbType = Guid), @p1='?' (DbType = DateTime), @p2='?' (DbType = DateTime), @p3='?' (DbType = DateTime), @p4='?' (DbType = Guid), @p5='?' (Size = 36), @p6='?' (Size = 2), @p7='?' (DbType = Guid), @p8='?' (Size = 91), @p9='?' (Size = 38), @p10='?', @p11='?', @p12='?' (Size = 36), @p13='?', @p14='?' (DbType = Int32), @p15='?' (DbType = DateTime)], CommandType='Text', CommandTimeout='30']
      INSERT INTO "Projects" ("Guid", "CompletionDate", "CompletionTarget", "CreationDate", "CreatorGuid", "CustomerId", "CustomerIds", "DepartmentId", "Description", "Name", "Notes", "ProjectAiRoadmap", "ProjectManagerId", "ProjectType", "Status", "ValidUntil")
      VALUES (@p0, @p1, @p2, @p3, @p4, @p5, @p6, @p7, @p8, @p9, @p10, @p11, @p12, @p13, @p14, @p15);
info: TicketMasala.Web.Data.Seeding.WorkItemSeedStrategy[0]
      Created project: Mobile App Development - iOS & Android
info: Microsoft.EntityFrameworkCore.Database.Command[20101]
      Executed DbCommand (0ms) [Parameters=[@title='?' (Size = 30), @projectId='?' (DbType = Guid)], CommandType='Text', CommandTimeout='30']
      SELECT EXISTS (
          SELECT 1
          FROM "Tickets" AS "t"
          WHERE "t"."Title" = @title AND "t"."ProjectGuid" = @projectId)
info: Microsoft.EntityFrameworkCore.Database.Command[20101]
      Executed DbCommand (0ms) [Parameters=[@itemDto_ResponsibleEmail='?' (Size = 22)], CommandType='Text', CommandTimeout='30']
      SELECT "a"."Id", "a"."AccessFailedCount", "a"."Code", "a"."ConcurrencyStamp", "a"."Discriminator", "a"."Email", "a"."EmailConfirmed", "a"."FirstName", "a"."Language", "a"."LastName", "a"."LockoutEnabled", "a"."LockoutEnd", "a"."NormalizedEmail", "a"."NormalizedUserName", "a"."PasswordHash", "a"."Phone", "a"."PhoneNumber", "a"."PhoneNumberConfirmed", "a"."Region", "a"."SecurityStamp", "a"."StakeholderProjectId", "a"."TwoFactorEnabled", "a"."UserName", "a"."DepartmentId", "a"."Level", "a"."MaxCapacityPoints", "a"."ProfilePicturePath", "a"."ResourceProjectId", "a"."Specializations", "a"."Team"
      FROM "AspNetUsers" AS "a"
      WHERE "a"."Email" = @itemDto_ResponsibleEmail
      LIMIT 1
info: TicketMasala.Web.Data.Seeding.WorkItemSeedStrategy[0]
      Creating ticket: iOS app architecture and setup
info: Microsoft.EntityFrameworkCore.Database.Command[20101]
      Executed DbCommand (0ms) [Parameters=[@p0='?' (DbType = Guid), @p1='?', @p2='?' (DbType = DateTime), @p3='?' (DbType = DateTime), @p4='?', @p5='?', @p6='?' (DbType = DateTime), @p7='?' (DbType = Guid), @p8='?', @p9='?' (Size = 2), @p10='?', @p11='?' (Size = 30), @p12='?', @p13='?' (Size = 2), @p14='?' (DbType = Int32), @p15='?' (Size = 25), @p16='?' (DbType = Guid), @p17='?' (DbType = Double), @p18='?' (DbType = Guid), @p19='?', @p20='?' (Size = 36), @p21='?' (DbType = Int32), @p22='?' (DbType = Guid), @p23='?' (Size = 10), @p24='?' (DbType = Int32), @p25='?' (DbType = Int32), @p26='?' (Size = 30), @p27='?' (DbType = DateTime), @p28='?' (Size = 2), @p29='?' (Size = 4)], CommandType='Text', CommandTimeout='30']
      INSERT INTO "Tickets" ("Guid", "AiSummary", "CompletionDate", "CompletionTarget", "ConfigVersionId", "ContentHash", "CreationDate", "CreatorGuid", "CurrentProjectName", "CustomFieldsJson", "CustomerId", "Description", "DomainCustomFieldsJson", "DomainId", "EstimatedEffortPoints", "GerdaTags", "ParentTicketGuid", "PriorityScore", "ProjectGuid", "RecommendedProjectName", "ResponsibleId", "ReviewStatus", "SolvedByArticleId", "Status", "TicketStatus", "TicketType", "Title", "ValidUntil", "WatcherIds", "WorkItemTypeCode")
      VALUES (@p0, @p1, @p2, @p3, @p4, @p5, @p6, @p7, @p8, @p9, @p10, @p11, @p12, @p13, @p14, @p15, @p16, @p17, @p18, @p19, @p20, @p21, @p22, @p23, @p24, @p25, @p26, @p27, @p28, @p29)
      RETURNING "ComputedCategory", "ComputedPriority";
info: Microsoft.EntityFrameworkCore.Database.Command[20101]
      Executed DbCommand (0ms) [Parameters=[@title='?' (Size = 34), @projectId='?' (DbType = Guid)], CommandType='Text', CommandTimeout='30']
      SELECT EXISTS (
          SELECT 1
          FROM "Tickets" AS "t"
          WHERE "t"."Title" = @title AND "t"."ProjectGuid" = @projectId)
info: Microsoft.EntityFrameworkCore.Database.Command[20101]
      Executed DbCommand (0ms) [Parameters=[@itemDto_ResponsibleEmail='?' (Size = 22)], CommandType='Text', CommandTimeout='30']
      SELECT "a"."Id", "a"."AccessFailedCount", "a"."Code", "a"."ConcurrencyStamp", "a"."Discriminator", "a"."Email", "a"."EmailConfirmed", "a"."FirstName", "a"."Language", "a"."LastName", "a"."LockoutEnabled", "a"."LockoutEnd", "a"."NormalizedEmail", "a"."NormalizedUserName", "a"."PasswordHash", "a"."Phone", "a"."PhoneNumber", "a"."PhoneNumberConfirmed", "a"."Region", "a"."SecurityStamp", "a"."StakeholderProjectId", "a"."TwoFactorEnabled", "a"."UserName", "a"."DepartmentId", "a"."Level", "a"."MaxCapacityPoints", "a"."ProfilePicturePath", "a"."ResourceProjectId", "a"."Specializations", "a"."Team"
      FROM "AspNetUsers" AS "a"
      WHERE "a"."Email" = @itemDto_ResponsibleEmail
      LIMIT 1
info: TicketMasala.Web.Data.Seeding.WorkItemSeedStrategy[0]
      Creating ticket: Android app architecture and setup
info: Microsoft.EntityFrameworkCore.Database.Command[20101]
      Executed DbCommand (0ms) [Parameters=[@p0='?' (DbType = Guid), @p1='?', @p2='?' (DbType = DateTime), @p3='?' (DbType = DateTime), @p4='?', @p5='?', @p6='?' (DbType = DateTime), @p7='?' (DbType = Guid), @p8='?', @p9='?' (Size = 2), @p10='?', @p11='?' (Size = 34), @p12='?', @p13='?' (Size = 2), @p14='?' (DbType = Int32), @p15='?' (Size = 29), @p16='?' (DbType = Guid), @p17='?' (DbType = Double), @p18='?' (DbType = Guid), @p19='?', @p20='?' (Size = 36), @p21='?' (DbType = Int32), @p22='?' (DbType = Guid), @p23='?' (Size = 10), @p24='?' (DbType = Int32), @p25='?' (DbType = Int32), @p26='?' (Size = 34), @p27='?' (DbType = DateTime), @p28='?' (Size = 2), @p29='?' (Size = 4)], CommandType='Text', CommandTimeout='30']
      INSERT INTO "Tickets" ("Guid", "AiSummary", "CompletionDate", "CompletionTarget", "ConfigVersionId", "ContentHash", "CreationDate", "CreatorGuid", "CurrentProjectName", "CustomFieldsJson", "CustomerId", "Description", "DomainCustomFieldsJson", "DomainId", "EstimatedEffortPoints", "GerdaTags", "ParentTicketGuid", "PriorityScore", "ProjectGuid", "RecommendedProjectName", "ResponsibleId", "ReviewStatus", "SolvedByArticleId", "Status", "TicketStatus", "TicketType", "Title", "ValidUntil", "WatcherIds", "WorkItemTypeCode")
      VALUES (@p0, @p1, @p2, @p3, @p4, @p5, @p6, @p7, @p8, @p9, @p10, @p11, @p12, @p13, @p14, @p15, @p16, @p17, @p18, @p19, @p20, @p21, @p22, @p23, @p24, @p25, @p26, @p27, @p28, @p29)
      RETURNING "ComputedCategory", "ComputedPriority";
info: Microsoft.EntityFrameworkCore.Database.Command[20101]
      Executed DbCommand (0ms) [Parameters=[@title='?' (Size = 37), @projectId='?' (DbType = Guid)], CommandType='Text', CommandTimeout='30']
      SELECT EXISTS (
          SELECT 1
          FROM "Tickets" AS "t"
          WHERE "t"."Title" = @title AND "t"."ProjectGuid" = @projectId)
info: Microsoft.EntityFrameworkCore.Database.Command[20101]
      Executed DbCommand (0ms) [Parameters=[@itemDto_ResponsibleEmail='?' (Size = 26)], CommandType='Text', CommandTimeout='30']
      SELECT "a"."Id", "a"."AccessFailedCount", "a"."Code", "a"."ConcurrencyStamp", "a"."Discriminator", "a"."Email", "a"."EmailConfirmed", "a"."FirstName", "a"."Language", "a"."LastName", "a"."LockoutEnabled", "a"."LockoutEnd", "a"."NormalizedEmail", "a"."NormalizedUserName", "a"."PasswordHash", "a"."Phone", "a"."PhoneNumber", "a"."PhoneNumberConfirmed", "a"."Region", "a"."SecurityStamp", "a"."StakeholderProjectId", "a"."TwoFactorEnabled", "a"."UserName", "a"."DepartmentId", "a"."Level", "a"."MaxCapacityPoints", "a"."ProfilePicturePath", "a"."ResourceProjectId", "a"."Specializations", "a"."Team"
      FROM "AspNetUsers" AS "a"
      WHERE "a"."Email" = @itemDto_ResponsibleEmail
      LIMIT 1
info: TicketMasala.Web.Data.Seeding.WorkItemSeedStrategy[0]
      Creating ticket: Push notification service integration
info: Microsoft.EntityFrameworkCore.Database.Command[20101]
      Executed DbCommand (0ms) [Parameters=[@p0='?' (DbType = Guid), @p1='?', @p2='?' (DbType = DateTime), @p3='?' (DbType = DateTime), @p4='?', @p5='?', @p6='?' (DbType = DateTime), @p7='?' (DbType = Guid), @p8='?', @p9='?' (Size = 2), @p10='?', @p11='?' (Size = 37), @p12='?', @p13='?' (Size = 2), @p14='?' (DbType = Int32), @p15='?' (Size = 29), @p16='?' (DbType = Guid), @p17='?' (DbType = Double), @p18='?' (DbType = Guid), @p19='?', @p20='?' (Size = 36), @p21='?' (DbType = Int32), @p22='?' (DbType = Guid), @p23='?' (Size = 7), @p24='?' (DbType = Int32), @p25='?' (DbType = Int32), @p26='?' (Size = 37), @p27='?' (DbType = DateTime), @p28='?' (Size = 2), @p29='?' (Size = 4)], CommandType='Text', CommandTimeout='30']
      INSERT INTO "Tickets" ("Guid", "AiSummary", "CompletionDate", "CompletionTarget", "ConfigVersionId", "ContentHash", "CreationDate", "CreatorGuid", "CurrentProjectName", "CustomFieldsJson", "CustomerId", "Description", "DomainCustomFieldsJson", "DomainId", "EstimatedEffortPoints", "GerdaTags", "ParentTicketGuid", "PriorityScore", "ProjectGuid", "RecommendedProjectName", "ResponsibleId", "ReviewStatus", "SolvedByArticleId", "Status", "TicketStatus", "TicketType", "Title", "ValidUntil", "WatcherIds", "WorkItemTypeCode")
      VALUES (@p0, @p1, @p2, @p3, @p4, @p5, @p6, @p7, @p8, @p9, @p10, @p11, @p12, @p13, @p14, @p15, @p16, @p17, @p18, @p19, @p20, @p21, @p22, @p23, @p24, @p25, @p26, @p27, @p28, @p29)
      RETURNING "ComputedCategory", "ComputedPriority";
info: TicketMasala.Web.Data.Seeding.WorkItemSeedStrategy[0]
      Seeding 10 unassigned work items...
info: Microsoft.EntityFrameworkCore.Database.Command[20101]
      Executed DbCommand (0ms) [Parameters=[@title='?' (Size = 50)], CommandType='Text', CommandTimeout='30']
      SELECT EXISTS (
          SELECT 1
          FROM "Tickets" AS "t"
          WHERE "t"."Title" = @title AND "t"."ProjectGuid" IS NULL)
info: Microsoft.EntityFrameworkCore.Database.Command[20101]
      Executed DbCommand (0ms) [Parameters=[@itemDto_CustomerEmail='?' (Size = 17)], CommandType='Text', CommandTimeout='30']
      SELECT "a"."Id", "a"."AccessFailedCount", "a"."Code", "a"."ConcurrencyStamp", "a"."Discriminator", "a"."Email", "a"."EmailConfirmed", "a"."FirstName", "a"."Language", "a"."LastName", "a"."LockoutEnabled", "a"."LockoutEnd", "a"."NormalizedEmail", "a"."NormalizedUserName", "a"."PasswordHash", "a"."Phone", "a"."PhoneNumber", "a"."PhoneNumberConfirmed", "a"."Region", "a"."SecurityStamp", "a"."StakeholderProjectId", "a"."TwoFactorEnabled", "a"."UserName", "a"."DepartmentId", "a"."Level", "a"."MaxCapacityPoints", "a"."ProfilePicturePath", "a"."ResourceProjectId", "a"."Specializations", "a"."Team"
      FROM "AspNetUsers" AS "a"
      WHERE "a"."Email" = @itemDto_CustomerEmail
      LIMIT 1
info: TicketMasala.Web.Data.Seeding.WorkItemSeedStrategy[0]
      Creating ticket: URGENT: Login system not working for multiple u...
info: Microsoft.EntityFrameworkCore.Database.Command[20101]
      Executed DbCommand (0ms) [Parameters=[@p0='?' (DbType = Guid), @p1='?', @p2='?' (DbType = DateTime), @p3='?' (DbType = DateTime), @p4='?', @p5='?', @p6='?' (DbType = DateTime), @p7='?' (DbType = Guid), @p8='?', @p9='?' (Size = 2), @p10='?' (Size = 36), @p11='?' (Size = 51), @p12='?', @p13='?' (Size = 2), @p14='?' (DbType = Int32), @p15='?' (Size = 43), @p16='?' (DbType = Guid), @p17='?' (DbType = Double), @p18='?' (DbType = Guid), @p19='?', @p20='?', @p21='?' (DbType = Int32), @p22='?' (DbType = Guid), @p23='?' (Size = 7), @p24='?' (DbType = Int32), @p25='?' (DbType = Int32), @p26='?' (Size = 50), @p27='?' (DbType = DateTime), @p28='?' (Size = 2), @p29='?' (Size = 8)], CommandType='Text', CommandTimeout='30']
      INSERT INTO "Tickets" ("Guid", "AiSummary", "CompletionDate", "CompletionTarget", "ConfigVersionId", "ContentHash", "CreationDate", "CreatorGuid", "CurrentProjectName", "CustomFieldsJson", "CustomerId", "Description", "DomainCustomFieldsJson", "DomainId", "EstimatedEffortPoints", "GerdaTags", "ParentTicketGuid", "PriorityScore", "ProjectGuid", "RecommendedProjectName", "ResponsibleId", "ReviewStatus", "SolvedByArticleId", "Status", "TicketStatus", "TicketType", "Title", "ValidUntil", "WatcherIds", "WorkItemTypeCode")
      VALUES (@p0, @p1, @p2, @p3, @p4, @p5, @p6, @p7, @p8, @p9, @p10, @p11, @p12, @p13, @p14, @p15, @p16, @p17, @p18, @p19, @p20, @p21, @p22, @p23, @p24, @p25, @p26, @p27, @p28, @p29)
      RETURNING "ComputedCategory", "ComputedPriority";
info: Microsoft.EntityFrameworkCore.Database.Command[20101]
      Executed DbCommand (0ms) [Parameters=[@commentDto_AuthorEmail='?' (Size = 17)], CommandType='Text', CommandTimeout='30']
      SELECT "a"."Id", "a"."AccessFailedCount", "a"."Code", "a"."ConcurrencyStamp", "a"."Discriminator", "a"."Email", "a"."EmailConfirmed", "a"."FirstName", "a"."Language", "a"."LastName", "a"."LockoutEnabled", "a"."LockoutEnd", "a"."NormalizedEmail", "a"."NormalizedUserName", "a"."PasswordHash", "a"."Phone", "a"."PhoneNumber", "a"."PhoneNumberConfirmed", "a"."Region", "a"."SecurityStamp", "a"."StakeholderProjectId", "a"."TwoFactorEnabled", "a"."UserName", "a"."DepartmentId", "a"."Level", "a"."MaxCapacityPoints", "a"."ProfilePicturePath", "a"."ResourceProjectId", "a"."Specializations", "a"."Team"
      FROM "AspNetUsers" AS "a"
      WHERE "a"."Email" = @commentDto_AuthorEmail
      LIMIT 1
info: Microsoft.EntityFrameworkCore.Database.Command[20101]
      Executed DbCommand (0ms) [Parameters=[@commentDto_AuthorEmail='?' (Size = 21)], CommandType='Text', CommandTimeout='30']
      SELECT "a"."Id", "a"."AccessFailedCount", "a"."Code", "a"."ConcurrencyStamp", "a"."Discriminator", "a"."Email", "a"."EmailConfirmed", "a"."FirstName", "a"."Language", "a"."LastName", "a"."LockoutEnabled", "a"."LockoutEnd", "a"."NormalizedEmail", "a"."NormalizedUserName", "a"."PasswordHash", "a"."Phone", "a"."PhoneNumber", "a"."PhoneNumberConfirmed", "a"."Region", "a"."SecurityStamp", "a"."StakeholderProjectId", "a"."TwoFactorEnabled", "a"."UserName", "a"."DepartmentId", "a"."Level", "a"."MaxCapacityPoints", "a"."ProfilePicturePath", "a"."ResourceProjectId", "a"."Specializations", "a"."Team"
      FROM "AspNetUsers" AS "a"
      WHERE "a"."Email" = @commentDto_AuthorEmail
      LIMIT 1
info: Microsoft.EntityFrameworkCore.Database.Command[20101]
      Executed DbCommand (0ms) [Parameters=[@p0='?' (DbType = Guid), @p1='?' (Size = 36), @p2='?' (Size = 169), @p3='?' (DbType = DateTime), @p4='?' (DbType = Boolean), @p5='?' (DbType = Guid)], CommandType='Text', CommandTimeout='30']
      INSERT INTO "TicketComments" ("Id", "AuthorId", "Body", "CreatedAt", "IsInternal", "TicketId")
      VALUES (@p0, @p1, @p2, @p3, @p4, @p5);
info: Microsoft.EntityFrameworkCore.Database.Command[20101]
      Executed DbCommand (0ms) [Parameters=[@p0='?' (DbType = Guid), @p1='?' (Size = 36), @p2='?' (Size = 128), @p3='?' (DbType = DateTime), @p4='?' (DbType = Boolean), @p5='?' (DbType = Guid)], CommandType='Text', CommandTimeout='30']
      INSERT INTO "TicketComments" ("Id", "AuthorId", "Body", "CreatedAt", "IsInternal", "TicketId")
      VALUES (@p0, @p1, @p2, @p3, @p4, @p5);
info: Microsoft.EntityFrameworkCore.Database.Command[20101]
      Executed DbCommand (0ms) [Parameters=[@title='?' (Size = 50)], CommandType='Text', CommandTimeout='30']
      SELECT EXISTS (
          SELECT 1
          FROM "Tickets" AS "t"
          WHERE "t"."Title" = @title AND "t"."ProjectGuid" IS NULL)
info: Microsoft.EntityFrameworkCore.Database.Command[20101]
      Executed DbCommand (0ms) [Parameters=[@itemDto_CustomerEmail='?' (Size = 17)], CommandType='Text', CommandTimeout='30']
      SELECT "a"."Id", "a"."AccessFailedCount", "a"."Code", "a"."ConcurrencyStamp", "a"."Discriminator", "a"."Email", "a"."EmailConfirmed", "a"."FirstName", "a"."Language", "a"."LastName", "a"."LockoutEnabled", "a"."LockoutEnd", "a"."NormalizedEmail", "a"."NormalizedUserName", "a"."PasswordHash", "a"."Phone", "a"."PhoneNumber", "a"."PhoneNumberConfirmed", "a"."Region", "a"."SecurityStamp", "a"."StakeholderProjectId", "a"."TwoFactorEnabled", "a"."UserName", "a"."DepartmentId", "a"."Level", "a"."MaxCapacityPoints", "a"."ProfilePicturePath", "a"."ResourceProjectId", "a"."Specializations", "a"."Team"
      FROM "AspNetUsers" AS "a"
      WHERE "a"."Email" = @itemDto_CustomerEmail
      LIMIT 1
info: TicketMasala.Web.Data.Seeding.WorkItemSeedStrategy[0]
      Creating ticket: Database performance degradation during peak hours
info: Microsoft.EntityFrameworkCore.Database.Command[20101]
      Executed DbCommand (0ms) [Parameters=[@p0='?' (DbType = Guid), @p1='?', @p2='?' (DbType = DateTime), @p3='?' (DbType = DateTime), @p4='?', @p5='?', @p6='?' (DbType = DateTime), @p7='?' (DbType = Guid), @p8='?', @p9='?' (Size = 2), @p10='?' (Size = 36), @p11='?' (Size = 50), @p12='?', @p13='?' (Size = 2), @p14='?' (DbType = Int32), @p15='?' (Size = 37), @p16='?' (DbType = Guid), @p17='?' (DbType = Double), @p18='?' (DbType = Guid), @p19='?', @p20='?', @p21='?' (DbType = Int32), @p22='?' (DbType = Guid), @p23='?' (Size = 7), @p24='?' (DbType = Int32), @p25='?' (DbType = Int32), @p26='?' (Size = 50), @p27='?' (DbType = DateTime), @p28='?' (Size = 2), @p29='?' (Size = 8)], CommandType='Text', CommandTimeout='30']
      INSERT INTO "Tickets" ("Guid", "AiSummary", "CompletionDate", "CompletionTarget", "ConfigVersionId", "ContentHash", "CreationDate", "CreatorGuid", "CurrentProjectName", "CustomFieldsJson", "CustomerId", "Description", "DomainCustomFieldsJson", "DomainId", "EstimatedEffortPoints", "GerdaTags", "ParentTicketGuid", "PriorityScore", "ProjectGuid", "RecommendedProjectName", "ResponsibleId", "ReviewStatus", "SolvedByArticleId", "Status", "TicketStatus", "TicketType", "Title", "ValidUntil", "WatcherIds", "WorkItemTypeCode")
      VALUES (@p0, @p1, @p2, @p3, @p4, @p5, @p6, @p7, @p8, @p9, @p10, @p11, @p12, @p13, @p14, @p15, @p16, @p17, @p18, @p19, @p20, @p21, @p22, @p23, @p24, @p25, @p26, @p27, @p28, @p29)
      RETURNING "ComputedCategory", "ComputedPriority";
info: Microsoft.EntityFrameworkCore.Database.Command[20101]
      Executed DbCommand (0ms) [Parameters=[@commentDto_AuthorEmail='?' (Size = 17)], CommandType='Text', CommandTimeout='30']
      SELECT "a"."Id", "a"."AccessFailedCount", "a"."Code", "a"."ConcurrencyStamp", "a"."Discriminator", "a"."Email", "a"."EmailConfirmed", "a"."FirstName", "a"."Language", "a"."LastName", "a"."LockoutEnabled", "a"."LockoutEnd", "a"."NormalizedEmail", "a"."NormalizedUserName", "a"."PasswordHash", "a"."Phone", "a"."PhoneNumber", "a"."PhoneNumberConfirmed", "a"."Region", "a"."SecurityStamp", "a"."StakeholderProjectId", "a"."TwoFactorEnabled", "a"."UserName", "a"."DepartmentId", "a"."Level", "a"."MaxCapacityPoints", "a"."ProfilePicturePath", "a"."ResourceProjectId", "a"."Specializations", "a"."Team"
      FROM "AspNetUsers" AS "a"
      WHERE "a"."Email" = @commentDto_AuthorEmail
      LIMIT 1
info: Microsoft.EntityFrameworkCore.Database.Command[20101]
      Executed DbCommand (0ms) [Parameters=[@commentDto_AuthorEmail='?' (Size = 21)], CommandType='Text', CommandTimeout='30']
      SELECT "a"."Id", "a"."AccessFailedCount", "a"."Code", "a"."ConcurrencyStamp", "a"."Discriminator", "a"."Email", "a"."EmailConfirmed", "a"."FirstName", "a"."Language", "a"."LastName", "a"."LockoutEnabled", "a"."LockoutEnd", "a"."NormalizedEmail", "a"."NormalizedUserName", "a"."PasswordHash", "a"."Phone", "a"."PhoneNumber", "a"."PhoneNumberConfirmed", "a"."Region", "a"."SecurityStamp", "a"."StakeholderProjectId", "a"."TwoFactorEnabled", "a"."UserName", "a"."DepartmentId", "a"."Level", "a"."MaxCapacityPoints", "a"."ProfilePicturePath", "a"."ResourceProjectId", "a"."Specializations", "a"."Team"
      FROM "AspNetUsers" AS "a"
      WHERE "a"."Email" = @commentDto_AuthorEmail
      LIMIT 1
info: Microsoft.EntityFrameworkCore.Database.Command[20101]
      Executed DbCommand (0ms) [Parameters=[@p0='?' (DbType = Guid), @p1='?' (Size = 36), @p2='?' (Size = 157), @p3='?' (DbType = DateTime), @p4='?' (DbType = Boolean), @p5='?' (DbType = Guid)], CommandType='Text', CommandTimeout='30']
      INSERT INTO "TicketComments" ("Id", "AuthorId", "Body", "CreatedAt", "IsInternal", "TicketId")
      VALUES (@p0, @p1, @p2, @p3, @p4, @p5);
info: Microsoft.EntityFrameworkCore.Database.Command[20101]
      Executed DbCommand (0ms) [Parameters=[@p0='?' (DbType = Guid), @p1='?' (Size = 36), @p2='?' (Size = 103), @p3='?' (DbType = DateTime), @p4='?' (DbType = Boolean), @p5='?' (DbType = Guid)], CommandType='Text', CommandTimeout='30']
      INSERT INTO "TicketComments" ("Id", "AuthorId", "Body", "CreatedAt", "IsInternal", "TicketId")
      VALUES (@p0, @p1, @p2, @p3, @p4, @p5);
info: Microsoft.EntityFrameworkCore.Database.Command[20101]
      Executed DbCommand (0ms) [Parameters=[@title='?' (Size = 50)], CommandType='Text', CommandTimeout='30']
      SELECT EXISTS (
          SELECT 1
          FROM "Tickets" AS "t"
          WHERE "t"."Title" = @title AND "t"."ProjectGuid" IS NULL)
info: Microsoft.EntityFrameworkCore.Database.Command[20101]
      Executed DbCommand (0ms) [Parameters=[@itemDto_CustomerEmail='?' (Size = 18)], CommandType='Text', CommandTimeout='30']
      SELECT "a"."Id", "a"."AccessFailedCount", "a"."Code", "a"."ConcurrencyStamp", "a"."Discriminator", "a"."Email", "a"."EmailConfirmed", "a"."FirstName", "a"."Language", "a"."LastName", "a"."LockoutEnabled", "a"."LockoutEnd", "a"."NormalizedEmail", "a"."NormalizedUserName", "a"."PasswordHash", "a"."Phone", "a"."PhoneNumber", "a"."PhoneNumberConfirmed", "a"."Region", "a"."SecurityStamp", "a"."StakeholderProjectId", "a"."TwoFactorEnabled", "a"."UserName", "a"."DepartmentId", "a"."Level", "a"."MaxCapacityPoints", "a"."ProfilePicturePath", "a"."ResourceProjectId", "a"."Specializations", "a"."Team"
      FROM "AspNetUsers" AS "a"
      WHERE "a"."Email" = @itemDto_CustomerEmail
      LIMIT 1
info: TicketMasala.Web.Data.Seeding.WorkItemSeedStrategy[0]
      Creating ticket: Security vulnerability reported in authenticati...
info: Microsoft.EntityFrameworkCore.Database.Command[20101]
      Executed DbCommand (0ms) [Parameters=[@p0='?' (DbType = Guid), @p1='?', @p2='?' (DbType = DateTime), @p3='?' (DbType = DateTime), @p4='?', @p5='?', @p6='?' (DbType = DateTime), @p7='?' (DbType = Guid), @p8='?', @p9='?' (Size = 2), @p10='?' (Size = 36), @p11='?' (Size = 56), @p12='?', @p13='?' (Size = 2), @p14='?' (DbType = Int32), @p15='?' (Size = 27), @p16='?' (DbType = Guid), @p17='?' (DbType = Double), @p18='?' (DbType = Guid), @p19='?', @p20='?', @p21='?' (DbType = Int32), @p22='?' (DbType = Guid), @p23='?' (Size = 7), @p24='?' (DbType = Int32), @p25='?' (DbType = Int32), @p26='?' (Size = 50), @p27='?' (DbType = DateTime), @p28='?' (Size = 2), @p29='?' (Size = 8)], CommandType='Text', CommandTimeout='30']
      INSERT INTO "Tickets" ("Guid", "AiSummary", "CompletionDate", "CompletionTarget", "ConfigVersionId", "ContentHash", "CreationDate", "CreatorGuid", "CurrentProjectName", "CustomFieldsJson", "CustomerId", "Description", "DomainCustomFieldsJson", "DomainId", "EstimatedEffortPoints", "GerdaTags", "ParentTicketGuid", "PriorityScore", "ProjectGuid", "RecommendedProjectName", "ResponsibleId", "ReviewStatus", "SolvedByArticleId", "Status", "TicketStatus", "TicketType", "Title", "ValidUntil", "WatcherIds", "WorkItemTypeCode")
      VALUES (@p0, @p1, @p2, @p3, @p4, @p5, @p6, @p7, @p8, @p9, @p10, @p11, @p12, @p13, @p14, @p15, @p16, @p17, @p18, @p19, @p20, @p21, @p22, @p23, @p24, @p25, @p26, @p27, @p28, @p29)
      RETURNING "ComputedCategory", "ComputedPriority";
info: Microsoft.EntityFrameworkCore.Database.Command[20101]
      Executed DbCommand (0ms) [Parameters=[@commentDto_AuthorEmail='?' (Size = 18)], CommandType='Text', CommandTimeout='30']
      SELECT "a"."Id", "a"."AccessFailedCount", "a"."Code", "a"."ConcurrencyStamp", "a"."Discriminator", "a"."Email", "a"."EmailConfirmed", "a"."FirstName", "a"."Language", "a"."LastName", "a"."LockoutEnabled", "a"."LockoutEnd", "a"."NormalizedEmail", "a"."NormalizedUserName", "a"."PasswordHash", "a"."Phone", "a"."PhoneNumber", "a"."PhoneNumberConfirmed", "a"."Region", "a"."SecurityStamp", "a"."StakeholderProjectId", "a"."TwoFactorEnabled", "a"."UserName", "a"."DepartmentId", "a"."Level", "a"."MaxCapacityPoints", "a"."ProfilePicturePath", "a"."ResourceProjectId", "a"."Specializations", "a"."Team"
      FROM "AspNetUsers" AS "a"
      WHERE "a"."Email" = @commentDto_AuthorEmail
      LIMIT 1
info: Microsoft.EntityFrameworkCore.Database.Command[20101]
      Executed DbCommand (0ms) [Parameters=[@commentDto_AuthorEmail='?' (Size = 21)], CommandType='Text', CommandTimeout='30']
      SELECT "a"."Id", "a"."AccessFailedCount", "a"."Code", "a"."ConcurrencyStamp", "a"."Discriminator", "a"."Email", "a"."EmailConfirmed", "a"."FirstName", "a"."Language", "a"."LastName", "a"."LockoutEnabled", "a"."LockoutEnd", "a"."NormalizedEmail", "a"."NormalizedUserName", "a"."PasswordHash", "a"."Phone", "a"."PhoneNumber", "a"."PhoneNumberConfirmed", "a"."Region", "a"."SecurityStamp", "a"."StakeholderProjectId", "a"."TwoFactorEnabled", "a"."UserName", "a"."DepartmentId", "a"."Level", "a"."MaxCapacityPoints", "a"."ProfilePicturePath", "a"."ResourceProjectId", "a"."Specializations", "a"."Team"
      FROM "AspNetUsers" AS "a"
      WHERE "a"."Email" = @commentDto_AuthorEmail
      LIMIT 1
info: Microsoft.EntityFrameworkCore.Database.Command[20101]
      Executed DbCommand (0ms) [Parameters=[@p0='?' (DbType = Guid), @p1='?' (Size = 36), @p2='?' (Size = 97), @p3='?' (DbType = DateTime), @p4='?' (DbType = Boolean), @p5='?' (DbType = Guid)], CommandType='Text', CommandTimeout='30']
      INSERT INTO "TicketComments" ("Id", "AuthorId", "Body", "CreatedAt", "IsInternal", "TicketId")
      VALUES (@p0, @p1, @p2, @p3, @p4, @p5);
info: Microsoft.EntityFrameworkCore.Database.Command[20101]
      Executed DbCommand (0ms) [Parameters=[@p0='?' (DbType = Guid), @p1='?' (Size = 36), @p2='?' (Size = 162), @p3='?' (DbType = DateTime), @p4='?' (DbType = Boolean), @p5='?' (DbType = Guid)], CommandType='Text', CommandTimeout='30']
      INSERT INTO "TicketComments" ("Id", "AuthorId", "Body", "CreatedAt", "IsInternal", "TicketId")
      VALUES (@p0, @p1, @p2, @p3, @p4, @p5);
info: Microsoft.EntityFrameworkCore.Database.Command[20101]
      Executed DbCommand (0ms) [Parameters=[@title='?' (Size = 43)], CommandType='Text', CommandTimeout='30']
      SELECT EXISTS (
          SELECT 1
          FROM "Tickets" AS "t"
          WHERE "t"."Title" = @title AND "t"."ProjectGuid" IS NULL)
info: Microsoft.EntityFrameworkCore.Database.Command[20101]
      Executed DbCommand (0ms) [Parameters=[@itemDto_CustomerEmail='?' (Size = 15)], CommandType='Text', CommandTimeout='30']
      SELECT "a"."Id", "a"."AccessFailedCount", "a"."Code", "a"."ConcurrencyStamp", "a"."Discriminator", "a"."Email", "a"."EmailConfirmed", "a"."FirstName", "a"."Language", "a"."LastName", "a"."LockoutEnabled", "a"."LockoutEnd", "a"."NormalizedEmail", "a"."NormalizedUserName", "a"."PasswordHash", "a"."Phone", "a"."PhoneNumber", "a"."PhoneNumberConfirmed", "a"."Region", "a"."SecurityStamp", "a"."StakeholderProjectId", "a"."TwoFactorEnabled", "a"."UserName", "a"."DepartmentId", "a"."Level", "a"."MaxCapacityPoints", "a"."ProfilePicturePath", "a"."ResourceProjectId", "a"."Specializations", "a"."Team"
      FROM "AspNetUsers" AS "a"
      WHERE "a"."Email" = @itemDto_CustomerEmail
      LIMIT 1
info: TicketMasala.Web.Data.Seeding.WorkItemSeedStrategy[0]
      Creating ticket: Feature request: Add dark mode to dashboard
info: Microsoft.EntityFrameworkCore.Database.Command[20101]
      Executed DbCommand (0ms) [Parameters=[@p0='?' (DbType = Guid), @p1='?', @p2='?' (DbType = DateTime), @p3='?' (DbType = DateTime), @p4='?', @p5='?', @p6='?' (DbType = DateTime), @p7='?' (DbType = Guid), @p8='?', @p9='?' (Size = 2), @p10='?' (Size = 36), @p11='?' (Size = 43), @p12='?', @p13='?' (Size = 2), @p14='?' (DbType = Int32), @p15='?' (Size = 29), @p16='?' (DbType = Guid), @p17='?' (DbType = Double), @p18='?' (DbType = Guid), @p19='?', @p20='?', @p21='?' (DbType = Int32), @p22='?' (DbType = Guid), @p23='?' (Size = 7), @p24='?' (DbType = Int32), @p25='?' (DbType = Int32), @p26='?' (Size = 43), @p27='?' (DbType = DateTime), @p28='?' (Size = 2), @p29='?' (Size = 14)], CommandType='Text', CommandTimeout='30']
      INSERT INTO "Tickets" ("Guid", "AiSummary", "CompletionDate", "CompletionTarget", "ConfigVersionId", "ContentHash", "CreationDate", "CreatorGuid", "CurrentProjectName", "CustomFieldsJson", "CustomerId", "Description", "DomainCustomFieldsJson", "DomainId", "EstimatedEffortPoints", "GerdaTags", "ParentTicketGuid", "PriorityScore", "ProjectGuid", "RecommendedProjectName", "ResponsibleId", "ReviewStatus", "SolvedByArticleId", "Status", "TicketStatus", "TicketType", "Title", "ValidUntil", "WatcherIds", "WorkItemTypeCode")
      VALUES (@p0, @p1, @p2, @p3, @p4, @p5, @p6, @p7, @p8, @p9, @p10, @p11, @p12, @p13, @p14, @p15, @p16, @p17, @p18, @p19, @p20, @p21, @p22, @p23, @p24, @p25, @p26, @p27, @p28, @p29)
      RETURNING "ComputedCategory", "ComputedPriority";
info: Microsoft.EntityFrameworkCore.Database.Command[20101]
      Executed DbCommand (0ms) [Parameters=[@commentDto_AuthorEmail='?' (Size = 15)], CommandType='Text', CommandTimeout='30']
      SELECT "a"."Id", "a"."AccessFailedCount", "a"."Code", "a"."ConcurrencyStamp", "a"."Discriminator", "a"."Email", "a"."EmailConfirmed", "a"."FirstName", "a"."Language", "a"."LastName", "a"."LockoutEnabled", "a"."LockoutEnd", "a"."NormalizedEmail", "a"."NormalizedUserName", "a"."PasswordHash", "a"."Phone", "a"."PhoneNumber", "a"."PhoneNumberConfirmed", "a"."Region", "a"."SecurityStamp", "a"."StakeholderProjectId", "a"."TwoFactorEnabled", "a"."UserName", "a"."DepartmentId", "a"."Level", "a"."MaxCapacityPoints", "a"."ProfilePicturePath", "a"."ResourceProjectId", "a"."Specializations", "a"."Team"
      FROM "AspNetUsers" AS "a"
      WHERE "a"."Email" = @commentDto_AuthorEmail
      LIMIT 1
info: Microsoft.EntityFrameworkCore.Database.Command[20101]
      Executed DbCommand (1ms) [Parameters=[@p0='?' (DbType = Guid), @p1='?' (Size = 36), @p2='?' (Size = 102), @p3='?' (DbType = DateTime), @p4='?' (DbType = Boolean), @p5='?' (DbType = Guid)], CommandType='Text', CommandTimeout='30']
      INSERT INTO "TicketComments" ("Id", "AuthorId", "Body", "CreatedAt", "IsInternal", "TicketId")
      VALUES (@p0, @p1, @p2, @p3, @p4, @p5);
info: Microsoft.EntityFrameworkCore.Database.Command[20101]
      Executed DbCommand (0ms) [Parameters=[@title='?' (Size = 48)], CommandType='Text', CommandTimeout='30']
      SELECT EXISTS (
          SELECT 1
          FROM "Tickets" AS "t"
          WHERE "t"."Title" = @title AND "t"."ProjectGuid" IS NULL)
info: Microsoft.EntityFrameworkCore.Database.Command[20101]
      Executed DbCommand (0ms) [Parameters=[@itemDto_CustomerEmail='?' (Size = 18)], CommandType='Text', CommandTimeout='30']
      SELECT "a"."Id", "a"."AccessFailedCount", "a"."Code", "a"."ConcurrencyStamp", "a"."Discriminator", "a"."Email", "a"."EmailConfirmed", "a"."FirstName", "a"."Language", "a"."LastName", "a"."LockoutEnabled", "a"."LockoutEnd", "a"."NormalizedEmail", "a"."NormalizedUserName", "a"."PasswordHash", "a"."Phone", "a"."PhoneNumber", "a"."PhoneNumberConfirmed", "a"."Region", "a"."SecurityStamp", "a"."StakeholderProjectId", "a"."TwoFactorEnabled", "a"."UserName", "a"."DepartmentId", "a"."Level", "a"."MaxCapacityPoints", "a"."ProfilePicturePath", "a"."ResourceProjectId", "a"."Specializations", "a"."Team"
      FROM "AspNetUsers" AS "a"
      WHERE "a"."Email" = @itemDto_CustomerEmail
      LIMIT 1
info: TicketMasala.Web.Data.Seeding.WorkItemSeedStrategy[0]
      Creating ticket: Export functionality for reports in Excel format
info: Microsoft.EntityFrameworkCore.Database.Command[20101]
      Executed DbCommand (0ms) [Parameters=[@p0='?' (DbType = Guid), @p1='?', @p2='?' (DbType = DateTime), @p3='?' (DbType = DateTime), @p4='?', @p5='?', @p6='?' (DbType = DateTime), @p7='?' (DbType = Guid), @p8='?', @p9='?' (Size = 2), @p10='?' (Size = 36), @p11='?' (Size = 48), @p12='?', @p13='?' (Size = 2), @p14='?' (DbType = Int32), @p15='?' (Size = 25), @p16='?' (DbType = Guid), @p17='?' (DbType = Double), @p18='?' (DbType = Guid), @p19='?', @p20='?', @p21='?' (DbType = Int32), @p22='?' (DbType = Guid), @p23='?' (Size = 7), @p24='?' (DbType = Int32), @p25='?' (DbType = Int32), @p26='?' (Size = 48), @p27='?' (DbType = DateTime), @p28='?' (Size = 2), @p29='?' (Size = 14)], CommandType='Text', CommandTimeout='30']
      INSERT INTO "Tickets" ("Guid", "AiSummary", "CompletionDate", "CompletionTarget", "ConfigVersionId", "ContentHash", "CreationDate", "CreatorGuid", "CurrentProjectName", "CustomFieldsJson", "CustomerId", "Description", "DomainCustomFieldsJson", "DomainId", "EstimatedEffortPoints", "GerdaTags", "ParentTicketGuid", "PriorityScore", "ProjectGuid", "RecommendedProjectName", "ResponsibleId", "ReviewStatus", "SolvedByArticleId", "Status", "TicketStatus", "TicketType", "Title", "ValidUntil", "WatcherIds", "WorkItemTypeCode")
      VALUES (@p0, @p1, @p2, @p3, @p4, @p5, @p6, @p7, @p8, @p9, @p10, @p11, @p12, @p13, @p14, @p15, @p16, @p17, @p18, @p19, @p20, @p21, @p22, @p23, @p24, @p25, @p26, @p27, @p28, @p29)
      RETURNING "ComputedCategory", "ComputedPriority";
info: Microsoft.EntityFrameworkCore.Database.Command[20101]
      Executed DbCommand (0ms) [Parameters=[@commentDto_AuthorEmail='?' (Size = 18)], CommandType='Text', CommandTimeout='30']
      SELECT "a"."Id", "a"."AccessFailedCount", "a"."Code", "a"."ConcurrencyStamp", "a"."Discriminator", "a"."Email", "a"."EmailConfirmed", "a"."FirstName", "a"."Language", "a"."LastName", "a"."LockoutEnabled", "a"."LockoutEnd", "a"."NormalizedEmail", "a"."NormalizedUserName", "a"."PasswordHash", "a"."Phone", "a"."PhoneNumber", "a"."PhoneNumberConfirmed", "a"."Region", "a"."SecurityStamp", "a"."StakeholderProjectId", "a"."TwoFactorEnabled", "a"."UserName", "a"."DepartmentId", "a"."Level", "a"."MaxCapacityPoints", "a"."ProfilePicturePath", "a"."ResourceProjectId", "a"."Specializations", "a"."Team"
      FROM "AspNetUsers" AS "a"
      WHERE "a"."Email" = @commentDto_AuthorEmail
      LIMIT 1
info: Microsoft.EntityFrameworkCore.Database.Command[20101]
      Executed DbCommand (0ms) [Parameters=[@commentDto_AuthorEmail='?' (Size = 21)], CommandType='Text', CommandTimeout='30']
      SELECT "a"."Id", "a"."AccessFailedCount", "a"."Code", "a"."ConcurrencyStamp", "a"."Discriminator", "a"."Email", "a"."EmailConfirmed", "a"."FirstName", "a"."Language", "a"."LastName", "a"."LockoutEnabled", "a"."LockoutEnd", "a"."NormalizedEmail", "a"."NormalizedUserName", "a"."PasswordHash", "a"."Phone", "a"."PhoneNumber", "a"."PhoneNumberConfirmed", "a"."Region", "a"."SecurityStamp", "a"."StakeholderProjectId", "a"."TwoFactorEnabled", "a"."UserName", "a"."DepartmentId", "a"."Level", "a"."MaxCapacityPoints", "a"."ProfilePicturePath", "a"."ResourceProjectId", "a"."Specializations", "a"."Team"
      FROM "AspNetUsers" AS "a"
      WHERE "a"."Email" = @commentDto_AuthorEmail
      LIMIT 1
info: Microsoft.EntityFrameworkCore.Database.Command[20101]
      Executed DbCommand (0ms) [Parameters=[@p0='?' (DbType = Guid), @p1='?' (Size = 36), @p2='?' (Size = 144), @p3='?' (DbType = DateTime), @p4='?' (DbType = Boolean), @p5='?' (DbType = Guid)], CommandType='Text', CommandTimeout='30']
      INSERT INTO "TicketComments" ("Id", "AuthorId", "Body", "CreatedAt", "IsInternal", "TicketId")
      VALUES (@p0, @p1, @p2, @p3, @p4, @p5);
info: Microsoft.EntityFrameworkCore.Database.Command[20101]
      Executed DbCommand (0ms) [Parameters=[@p0='?' (DbType = Guid), @p1='?' (Size = 36), @p2='?' (Size = 94), @p3='?' (DbType = DateTime), @p4='?' (DbType = Boolean), @p5='?' (DbType = Guid)], CommandType='Text', CommandTimeout='30']
      INSERT INTO "TicketComments" ("Id", "AuthorId", "Body", "CreatedAt", "IsInternal", "TicketId")
      VALUES (@p0, @p1, @p2, @p3, @p4, @p5);
info: Microsoft.EntityFrameworkCore.Database.Command[20101]
      Executed DbCommand (0ms) [Parameters=[@title='?' (Size = 50)], CommandType='Text', CommandTimeout='30']
      SELECT EXISTS (
          SELECT 1
          FROM "Tickets" AS "t"
          WHERE "t"."Title" = @title AND "t"."ProjectGuid" IS NULL)
info: Microsoft.EntityFrameworkCore.Database.Command[20101]
      Executed DbCommand (0ms) [Parameters=[@itemDto_CustomerEmail='?' (Size = 17)], CommandType='Text', CommandTimeout='30']
      SELECT "a"."Id", "a"."AccessFailedCount", "a"."Code", "a"."ConcurrencyStamp", "a"."Discriminator", "a"."Email", "a"."EmailConfirmed", "a"."FirstName", "a"."Language", "a"."LastName", "a"."LockoutEnabled", "a"."LockoutEnd", "a"."NormalizedEmail", "a"."NormalizedUserName", "a"."PasswordHash", "a"."Phone", "a"."PhoneNumber", "a"."PhoneNumberConfirmed", "a"."Region", "a"."SecurityStamp", "a"."StakeholderProjectId", "a"."TwoFactorEnabled", "a"."UserName", "a"."DepartmentId", "a"."Level", "a"."MaxCapacityPoints", "a"."ProfilePicturePath", "a"."ResourceProjectId", "a"."Specializations", "a"."Team"
      FROM "AspNetUsers" AS "a"
      WHERE "a"."Email" = @itemDto_CustomerEmail
      LIMIT 1
info: TicketMasala.Web.Data.Seeding.WorkItemSeedStrategy[0]
      Creating ticket: API rate limiting too restrictive for our use case
info: Microsoft.EntityFrameworkCore.Database.Command[20101]
      Executed DbCommand (0ms) [Parameters=[@p0='?' (DbType = Guid), @p1='?', @p2='?' (DbType = DateTime), @p3='?' (DbType = DateTime), @p4='?', @p5='?', @p6='?' (DbType = DateTime), @p7='?' (DbType = Guid), @p8='?', @p9='?' (Size = 2), @p10='?' (Size = 36), @p11='?' (Size = 50), @p12='?', @p13='?' (Size = 2), @p14='?' (DbType = Int32), @p15='?' (Size = 33), @p16='?' (DbType = Guid), @p17='?' (DbType = Double), @p18='?' (DbType = Guid), @p19='?', @p20='?', @p21='?' (DbType = Int32), @p22='?' (DbType = Guid), @p23='?' (Size = 7), @p24='?' (DbType = Int32), @p25='?' (DbType = Int32), @p26='?' (Size = 50), @p27='?' (DbType = DateTime), @p28='?' (Size = 2), @p29='?' (Size = 14)], CommandType='Text', CommandTimeout='30']
      INSERT INTO "Tickets" ("Guid", "AiSummary", "CompletionDate", "CompletionTarget", "ConfigVersionId", "ContentHash", "CreationDate", "CreatorGuid", "CurrentProjectName", "CustomFieldsJson", "CustomerId", "Description", "DomainCustomFieldsJson", "DomainId", "EstimatedEffortPoints", "GerdaTags", "ParentTicketGuid", "PriorityScore", "ProjectGuid", "RecommendedProjectName", "ResponsibleId", "ReviewStatus", "SolvedByArticleId", "Status", "TicketStatus", "TicketType", "Title", "ValidUntil", "WatcherIds", "WorkItemTypeCode")
      VALUES (@p0, @p1, @p2, @p3, @p4, @p5, @p6, @p7, @p8, @p9, @p10, @p11, @p12, @p13, @p14, @p15, @p16, @p17, @p18, @p19, @p20, @p21, @p22, @p23, @p24, @p25, @p26, @p27, @p28, @p29)
      RETURNING "ComputedCategory", "ComputedPriority";
info: Microsoft.EntityFrameworkCore.Database.Command[20101]
      Executed DbCommand (0ms) [Parameters=[@commentDto_AuthorEmail='?' (Size = 17)], CommandType='Text', CommandTimeout='30']
      SELECT "a"."Id", "a"."AccessFailedCount", "a"."Code", "a"."ConcurrencyStamp", "a"."Discriminator", "a"."Email", "a"."EmailConfirmed", "a"."FirstName", "a"."Language", "a"."LastName", "a"."LockoutEnabled", "a"."LockoutEnd", "a"."NormalizedEmail", "a"."NormalizedUserName", "a"."PasswordHash", "a"."Phone", "a"."PhoneNumber", "a"."PhoneNumberConfirmed", "a"."Region", "a"."SecurityStamp", "a"."StakeholderProjectId", "a"."TwoFactorEnabled", "a"."UserName", "a"."DepartmentId", "a"."Level", "a"."MaxCapacityPoints", "a"."ProfilePicturePath", "a"."ResourceProjectId", "a"."Specializations", "a"."Team"
      FROM "AspNetUsers" AS "a"
      WHERE "a"."Email" = @commentDto_AuthorEmail
      LIMIT 1
info: Microsoft.EntityFrameworkCore.Database.Command[20101]
      Executed DbCommand (1ms) [Parameters=[@p0='?' (DbType = Guid), @p1='?' (Size = 36), @p2='?' (Size = 119), @p3='?' (DbType = DateTime), @p4='?' (DbType = Boolean), @p5='?' (DbType = Guid)], CommandType='Text', CommandTimeout='30']
      INSERT INTO "TicketComments" ("Id", "AuthorId", "Body", "CreatedAt", "IsInternal", "TicketId")
      VALUES (@p0, @p1, @p2, @p3, @p4, @p5);
info: Microsoft.EntityFrameworkCore.Database.Command[20101]
      Executed DbCommand (0ms) [Parameters=[@title='?' (Size = 42)], CommandType='Text', CommandTimeout='30']
      SELECT EXISTS (
          SELECT 1
          FROM "Tickets" AS "t"
          WHERE "t"."Title" = @title AND "t"."ProjectGuid" IS NULL)
info: Microsoft.EntityFrameworkCore.Database.Command[20101]
      Executed DbCommand (0ms) [Parameters=[@itemDto_CustomerEmail='?' (Size = 19)], CommandType='Text', CommandTimeout='30']
      SELECT "a"."Id", "a"."AccessFailedCount", "a"."Code", "a"."ConcurrencyStamp", "a"."Discriminator", "a"."Email", "a"."EmailConfirmed", "a"."FirstName", "a"."Language", "a"."LastName", "a"."LockoutEnabled", "a"."LockoutEnd", "a"."NormalizedEmail", "a"."NormalizedUserName", "a"."PasswordHash", "a"."Phone", "a"."PhoneNumber", "a"."PhoneNumberConfirmed", "a"."Region", "a"."SecurityStamp", "a"."StakeholderProjectId", "a"."TwoFactorEnabled", "a"."UserName", "a"."DepartmentId", "a"."Level", "a"."MaxCapacityPoints", "a"."ProfilePicturePath", "a"."ResourceProjectId", "a"."Specializations", "a"."Team"
      FROM "AspNetUsers" AS "a"
      WHERE "a"."Email" = @itemDto_CustomerEmail
      LIMIT 1
info: TicketMasala.Web.Data.Seeding.WorkItemSeedStrategy[0]
      Creating ticket: Question: How to set up SSO with Azure AD?
info: Microsoft.EntityFrameworkCore.Database.Command[20101]
      Executed DbCommand (0ms) [Parameters=[@p0='?' (DbType = Guid), @p1='?', @p2='?' (DbType = DateTime), @p3='?' (DbType = DateTime), @p4='?', @p5='?', @p6='?' (DbType = DateTime), @p7='?' (DbType = Guid), @p8='?', @p9='?' (Size = 2), @p10='?' (Size = 36), @p11='?' (Size = 42), @p12='?', @p13='?' (Size = 2), @p14='?' (DbType = Int32), @p15='?' (Size = 28), @p16='?' (DbType = Guid), @p17='?' (DbType = Double), @p18='?' (DbType = Guid), @p19='?', @p20='?', @p21='?' (DbType = Int32), @p22='?' (DbType = Guid), @p23='?' (Size = 7), @p24='?' (DbType = Int32), @p25='?' (DbType = Int32), @p26='?' (Size = 42), @p27='?' (DbType = DateTime), @p28='?' (Size = 2), @p29='?' (Size = 14)], CommandType='Text', CommandTimeout='30']
      INSERT INTO "Tickets" ("Guid", "AiSummary", "CompletionDate", "CompletionTarget", "ConfigVersionId", "ContentHash", "CreationDate", "CreatorGuid", "CurrentProjectName", "CustomFieldsJson", "CustomerId", "Description", "DomainCustomFieldsJson", "DomainId", "EstimatedEffortPoints", "GerdaTags", "ParentTicketGuid", "PriorityScore", "ProjectGuid", "RecommendedProjectName", "ResponsibleId", "ReviewStatus", "SolvedByArticleId", "Status", "TicketStatus", "TicketType", "Title", "ValidUntil", "WatcherIds", "WorkItemTypeCode")
      VALUES (@p0, @p1, @p2, @p3, @p4, @p5, @p6, @p7, @p8, @p9, @p10, @p11, @p12, @p13, @p14, @p15, @p16, @p17, @p18, @p19, @p20, @p21, @p22, @p23, @p24, @p25, @p26, @p27, @p28, @p29)
      RETURNING "ComputedCategory", "ComputedPriority";
info: Microsoft.EntityFrameworkCore.Database.Command[20101]
      Executed DbCommand (0ms) [Parameters=[@commentDto_AuthorEmail='?' (Size = 19)], CommandType='Text', CommandTimeout='30']
      SELECT "a"."Id", "a"."AccessFailedCount", "a"."Code", "a"."ConcurrencyStamp", "a"."Discriminator", "a"."Email", "a"."EmailConfirmed", "a"."FirstName", "a"."Language", "a"."LastName", "a"."LockoutEnabled", "a"."LockoutEnd", "a"."NormalizedEmail", "a"."NormalizedUserName", "a"."PasswordHash", "a"."Phone", "a"."PhoneNumber", "a"."PhoneNumberConfirmed", "a"."Region", "a"."SecurityStamp", "a"."StakeholderProjectId", "a"."TwoFactorEnabled", "a"."UserName", "a"."DepartmentId", "a"."Level", "a"."MaxCapacityPoints", "a"."ProfilePicturePath", "a"."ResourceProjectId", "a"."Specializations", "a"."Team"
      FROM "AspNetUsers" AS "a"
      WHERE "a"."Email" = @commentDto_AuthorEmail
      LIMIT 1
info: Microsoft.EntityFrameworkCore.Database.Command[20101]
      Executed DbCommand (2ms) [Parameters=[@p0='?' (DbType = Guid), @p1='?' (Size = 36), @p2='?' (Size = 119), @p3='?' (DbType = DateTime), @p4='?' (DbType = Boolean), @p5='?' (DbType = Guid)], CommandType='Text', CommandTimeout='30']
      INSERT INTO "TicketComments" ("Id", "AuthorId", "Body", "CreatedAt", "IsInternal", "TicketId")
      VALUES (@p0, @p1, @p2, @p3, @p4, @p5);
info: Microsoft.EntityFrameworkCore.Database.Command[20101]
      Executed DbCommand (0ms) [Parameters=[@title='?' (Size = 44)], CommandType='Text', CommandTimeout='30']
      SELECT EXISTS (
          SELECT 1
          FROM "Tickets" AS "t"
          WHERE "t"."Title" = @title AND "t"."ProjectGuid" IS NULL)
info: Microsoft.EntityFrameworkCore.Database.Command[20101]
      Executed DbCommand (0ms) [Parameters=[@itemDto_CustomerEmail='?' (Size = 17)], CommandType='Text', CommandTimeout='30']
      SELECT "a"."Id", "a"."AccessFailedCount", "a"."Code", "a"."ConcurrencyStamp", "a"."Discriminator", "a"."Email", "a"."EmailConfirmed", "a"."FirstName", "a"."Language", "a"."LastName", "a"."LockoutEnabled", "a"."LockoutEnd", "a"."NormalizedEmail", "a"."NormalizedUserName", "a"."PasswordHash", "a"."Phone", "a"."PhoneNumber", "a"."PhoneNumberConfirmed", "a"."Region", "a"."SecurityStamp", "a"."StakeholderProjectId", "a"."TwoFactorEnabled", "a"."UserName", "a"."DepartmentId", "a"."Level", "a"."MaxCapacityPoints", "a"."ProfilePicturePath", "a"."ResourceProjectId", "a"."Specializations", "a"."Team"
      FROM "AspNetUsers" AS "a"
      WHERE "a"."Email" = @itemDto_CustomerEmail
      LIMIT 1
info: TicketMasala.Web.Data.Seeding.WorkItemSeedStrategy[0]
      Creating ticket: Billing discrepancy - charged for wrong tier
info: Microsoft.EntityFrameworkCore.Database.Command[20101]
      Executed DbCommand (0ms) [Parameters=[@p0='?' (DbType = Guid), @p1='?', @p2='?' (DbType = DateTime), @p3='?' (DbType = DateTime), @p4='?', @p5='?', @p6='?' (DbType = DateTime), @p7='?' (DbType = Guid), @p8='?', @p9='?' (Size = 2), @p10='?' (Size = 36), @p11='?' (Size = 44), @p12='?', @p13='?' (Size = 2), @p14='?' (DbType = Int32), @p15='?' (Size = 24), @p16='?' (DbType = Guid), @p17='?' (DbType = Double), @p18='?' (DbType = Guid), @p19='?', @p20='?', @p21='?' (DbType = Int32), @p22='?' (DbType = Guid), @p23='?' (Size = 7), @p24='?' (DbType = Int32), @p25='?' (DbType = Int32), @p26='?' (Size = 44), @p27='?' (DbType = DateTime), @p28='?' (Size = 2), @p29='?' (Size = 8)], CommandType='Text', CommandTimeout='30']
      INSERT INTO "Tickets" ("Guid", "AiSummary", "CompletionDate", "CompletionTarget", "ConfigVersionId", "ContentHash", "CreationDate", "CreatorGuid", "CurrentProjectName", "CustomFieldsJson", "CustomerId", "Description", "DomainCustomFieldsJson", "DomainId", "EstimatedEffortPoints", "GerdaTags", "ParentTicketGuid", "PriorityScore", "ProjectGuid", "RecommendedProjectName", "ResponsibleId", "ReviewStatus", "SolvedByArticleId", "Status", "TicketStatus", "TicketType", "Title", "ValidUntil", "WatcherIds", "WorkItemTypeCode")
      VALUES (@p0, @p1, @p2, @p3, @p4, @p5, @p6, @p7, @p8, @p9, @p10, @p11, @p12, @p13, @p14, @p15, @p16, @p17, @p18, @p19, @p20, @p21, @p22, @p23, @p24, @p25, @p26, @p27, @p28, @p29)
      RETURNING "ComputedCategory", "ComputedPriority";
info: Microsoft.EntityFrameworkCore.Database.Command[20101]
      Executed DbCommand (0ms) [Parameters=[@commentDto_AuthorEmail='?' (Size = 17)], CommandType='Text', CommandTimeout='30']
      SELECT "a"."Id", "a"."AccessFailedCount", "a"."Code", "a"."ConcurrencyStamp", "a"."Discriminator", "a"."Email", "a"."EmailConfirmed", "a"."FirstName", "a"."Language", "a"."LastName", "a"."LockoutEnabled", "a"."LockoutEnd", "a"."NormalizedEmail", "a"."NormalizedUserName", "a"."PasswordHash", "a"."Phone", "a"."PhoneNumber", "a"."PhoneNumberConfirmed", "a"."Region", "a"."SecurityStamp", "a"."StakeholderProjectId", "a"."TwoFactorEnabled", "a"."UserName", "a"."DepartmentId", "a"."Level", "a"."MaxCapacityPoints", "a"."ProfilePicturePath", "a"."ResourceProjectId", "a"."Specializations", "a"."Team"
      FROM "AspNetUsers" AS "a"
      WHERE "a"."Email" = @commentDto_AuthorEmail
      LIMIT 1
info: Microsoft.EntityFrameworkCore.Database.Command[20101]
      Executed DbCommand (0ms) [Parameters=[@commentDto_AuthorEmail='?' (Size = 21)], CommandType='Text', CommandTimeout='30']
      SELECT "a"."Id", "a"."AccessFailedCount", "a"."Code", "a"."ConcurrencyStamp", "a"."Discriminator", "a"."Email", "a"."EmailConfirmed", "a"."FirstName", "a"."Language", "a"."LastName", "a"."LockoutEnabled", "a"."LockoutEnd", "a"."NormalizedEmail", "a"."NormalizedUserName", "a"."PasswordHash", "a"."Phone", "a"."PhoneNumber", "a"."PhoneNumberConfirmed", "a"."Region", "a"."SecurityStamp", "a"."StakeholderProjectId", "a"."TwoFactorEnabled", "a"."UserName", "a"."DepartmentId", "a"."Level", "a"."MaxCapacityPoints", "a"."ProfilePicturePath", "a"."ResourceProjectId", "a"."Specializations", "a"."Team"
      FROM "AspNetUsers" AS "a"
      WHERE "a"."Email" = @commentDto_AuthorEmail
      LIMIT 1
info: Microsoft.EntityFrameworkCore.Database.Command[20101]
      Executed DbCommand (0ms) [Parameters=[@p0='?' (DbType = Guid), @p1='?' (Size = 36), @p2='?' (Size = 116), @p3='?' (DbType = DateTime), @p4='?' (DbType = Boolean), @p5='?' (DbType = Guid)], CommandType='Text', CommandTimeout='30']
      INSERT INTO "TicketComments" ("Id", "AuthorId", "Body", "CreatedAt", "IsInternal", "TicketId")
      VALUES (@p0, @p1, @p2, @p3, @p4, @p5);
info: Microsoft.EntityFrameworkCore.Database.Command[20101]
      Executed DbCommand (0ms) [Parameters=[@p0='?' (DbType = Guid), @p1='?' (Size = 36), @p2='?' (Size = 135), @p3='?' (DbType = DateTime), @p4='?' (DbType = Boolean), @p5='?' (DbType = Guid)], CommandType='Text', CommandTimeout='30']
      INSERT INTO "TicketComments" ("Id", "AuthorId", "Body", "CreatedAt", "IsInternal", "TicketId")
      VALUES (@p0, @p1, @p2, @p3, @p4, @p5);
info: Microsoft.EntityFrameworkCore.Database.Command[20101]
      Executed DbCommand (0ms) [Parameters=[@title='?' (Size = 48)], CommandType='Text', CommandTimeout='30']
      SELECT EXISTS (
          SELECT 1
          FROM "Tickets" AS "t"
          WHERE "t"."Title" = @title AND "t"."ProjectGuid" IS NULL)
info: Microsoft.EntityFrameworkCore.Database.Command[20101]
      Executed DbCommand (0ms) [Parameters=[@itemDto_CustomerEmail='?' (Size = 18)], CommandType='Text', CommandTimeout='30']
      SELECT "a"."Id", "a"."AccessFailedCount", "a"."Code", "a"."ConcurrencyStamp", "a"."Discriminator", "a"."Email", "a"."EmailConfirmed", "a"."FirstName", "a"."Language", "a"."LastName", "a"."LockoutEnabled", "a"."LockoutEnd", "a"."NormalizedEmail", "a"."NormalizedUserName", "a"."PasswordHash", "a"."Phone", "a"."PhoneNumber", "a"."PhoneNumberConfirmed", "a"."Region", "a"."SecurityStamp", "a"."StakeholderProjectId", "a"."TwoFactorEnabled", "a"."UserName", "a"."DepartmentId", "a"."Level", "a"."MaxCapacityPoints", "a"."ProfilePicturePath", "a"."ResourceProjectId", "a"."Specializations", "a"."Team"
      FROM "AspNetUsers" AS "a"
      WHERE "a"."Email" = @itemDto_CustomerEmail
      LIMIT 1
info: TicketMasala.Web.Data.Seeding.WorkItemSeedStrategy[0]
      Creating ticket: Request for custom training session for our team
info: Microsoft.EntityFrameworkCore.Database.Command[20101]
      Executed DbCommand (0ms) [Parameters=[@p0='?' (DbType = Guid), @p1='?', @p2='?' (DbType = DateTime), @p3='?' (DbType = DateTime), @p4='?', @p5='?', @p6='?' (DbType = DateTime), @p7='?' (DbType = Guid), @p8='?', @p9='?' (Size = 2), @p10='?' (Size = 36), @p11='?' (Size = 48), @p12='?', @p13='?' (Size = 2), @p14='?' (DbType = Int32), @p15='?' (Size = 32), @p16='?' (DbType = Guid), @p17='?' (DbType = Double), @p18='?' (DbType = Guid), @p19='?', @p20='?', @p21='?' (DbType = Int32), @p22='?' (DbType = Guid), @p23='?' (Size = 7), @p24='?' (DbType = Int32), @p25='?' (DbType = Int32), @p26='?' (Size = 48), @p27='?' (DbType = DateTime), @p28='?' (Size = 2), @p29='?' (Size = 14)], CommandType='Text', CommandTimeout='30']
      INSERT INTO "Tickets" ("Guid", "AiSummary", "CompletionDate", "CompletionTarget", "ConfigVersionId", "ContentHash", "CreationDate", "CreatorGuid", "CurrentProjectName", "CustomFieldsJson", "CustomerId", "Description", "DomainCustomFieldsJson", "DomainId", "EstimatedEffortPoints", "GerdaTags", "ParentTicketGuid", "PriorityScore", "ProjectGuid", "RecommendedProjectName", "ResponsibleId", "ReviewStatus", "SolvedByArticleId", "Status", "TicketStatus", "TicketType", "Title", "ValidUntil", "WatcherIds", "WorkItemTypeCode")
      VALUES (@p0, @p1, @p2, @p3, @p4, @p5, @p6, @p7, @p8, @p9, @p10, @p11, @p12, @p13, @p14, @p15, @p16, @p17, @p18, @p19, @p20, @p21, @p22, @p23, @p24, @p25, @p26, @p27, @p28, @p29)
      RETURNING "ComputedCategory", "ComputedPriority";
info: Microsoft.EntityFrameworkCore.Database.Command[20101]
      Executed DbCommand (0ms) [Parameters=[@commentDto_AuthorEmail='?' (Size = 18)], CommandType='Text', CommandTimeout='30']
      SELECT "a"."Id", "a"."AccessFailedCount", "a"."Code", "a"."ConcurrencyStamp", "a"."Discriminator", "a"."Email", "a"."EmailConfirmed", "a"."FirstName", "a"."Language", "a"."LastName", "a"."LockoutEnabled", "a"."LockoutEnd", "a"."NormalizedEmail", "a"."NormalizedUserName", "a"."PasswordHash", "a"."Phone", "a"."PhoneNumber", "a"."PhoneNumberConfirmed", "a"."Region", "a"."SecurityStamp", "a"."StakeholderProjectId", "a"."TwoFactorEnabled", "a"."UserName", "a"."DepartmentId", "a"."Level", "a"."MaxCapacityPoints", "a"."ProfilePicturePath", "a"."ResourceProjectId", "a"."Specializations", "a"."Team"
      FROM "AspNetUsers" AS "a"
      WHERE "a"."Email" = @commentDto_AuthorEmail
      LIMIT 1
info: Microsoft.EntityFrameworkCore.Database.Command[20101]
      Executed DbCommand (1ms) [Parameters=[@p0='?' (DbType = Guid), @p1='?' (Size = 36), @p2='?' (Size = 117), @p3='?' (DbType = DateTime), @p4='?' (DbType = Boolean), @p5='?' (DbType = Guid)], CommandType='Text', CommandTimeout='30']
      INSERT INTO "TicketComments" ("Id", "AuthorId", "Body", "CreatedAt", "IsInternal", "TicketId")
      VALUES (@p0, @p1, @p2, @p3, @p4, @p5);
info: Microsoft.EntityFrameworkCore.Database.Command[20101]
      Executed DbCommand (0ms) [Parameters=[@title='?' (Size = 36)], CommandType='Text', CommandTimeout='30']
      SELECT EXISTS (
          SELECT 1
          FROM "Tickets" AS "t"
          WHERE "t"."Title" = @title AND "t"."ProjectGuid" IS NULL)
info: Microsoft.EntityFrameworkCore.Database.Command[20101]
      Executed DbCommand (0ms) [Parameters=[@itemDto_CustomerEmail='?' (Size = 18)], CommandType='Text', CommandTimeout='30']
      SELECT "a"."Id", "a"."AccessFailedCount", "a"."Code", "a"."ConcurrencyStamp", "a"."Discriminator", "a"."Email", "a"."EmailConfirmed", "a"."FirstName", "a"."Language", "a"."LastName", "a"."LockoutEnabled", "a"."LockoutEnd", "a"."NormalizedEmail", "a"."NormalizedUserName", "a"."PasswordHash", "a"."Phone", "a"."PhoneNumber", "a"."PhoneNumberConfirmed", "a"."Region", "a"."SecurityStamp", "a"."StakeholderProjectId", "a"."TwoFactorEnabled", "a"."UserName", "a"."DepartmentId", "a"."Level", "a"."MaxCapacityPoints", "a"."ProfilePicturePath", "a"."ResourceProjectId", "a"."Specializations", "a"."Team"
      FROM "AspNetUsers" AS "a"
      WHERE "a"."Email" = @itemDto_CustomerEmail
      LIMIT 1
info: TicketMasala.Web.Data.Seeding.WorkItemSeedStrategy[0]
      Creating ticket: Mobile app crashes on iOS 17 devices
info: Microsoft.EntityFrameworkCore.Database.Command[20101]
      Executed DbCommand (0ms) [Parameters=[@p0='?' (DbType = Guid), @p1='?', @p2='?' (DbType = DateTime), @p3='?' (DbType = DateTime), @p4='?', @p5='?', @p6='?' (DbType = DateTime), @p7='?' (DbType = Guid), @p8='?', @p9='?' (Size = 2), @p10='?' (Size = 36), @p11='?' (Size = 36), @p12='?', @p13='?' (Size = 2), @p14='?' (DbType = Int32), @p15='?' (Size = 23), @p16='?' (DbType = Guid), @p17='?' (DbType = Double), @p18='?' (DbType = Guid), @p19='?', @p20='?', @p21='?' (DbType = Int32), @p22='?' (DbType = Guid), @p23='?' (Size = 7), @p24='?' (DbType = Int32), @p25='?' (DbType = Int32), @p26='?' (Size = 36), @p27='?' (DbType = DateTime), @p28='?' (Size = 2), @p29='?' (Size = 8)], CommandType='Text', CommandTimeout='30']
      INSERT INTO "Tickets" ("Guid", "AiSummary", "CompletionDate", "CompletionTarget", "ConfigVersionId", "ContentHash", "CreationDate", "CreatorGuid", "CurrentProjectName", "CustomFieldsJson", "CustomerId", "Description", "DomainCustomFieldsJson", "DomainId", "EstimatedEffortPoints", "GerdaTags", "ParentTicketGuid", "PriorityScore", "ProjectGuid", "RecommendedProjectName", "ResponsibleId", "ReviewStatus", "SolvedByArticleId", "Status", "TicketStatus", "TicketType", "Title", "ValidUntil", "WatcherIds", "WorkItemTypeCode")
      VALUES (@p0, @p1, @p2, @p3, @p4, @p5, @p6, @p7, @p8, @p9, @p10, @p11, @p12, @p13, @p14, @p15, @p16, @p17, @p18, @p19, @p20, @p21, @p22, @p23, @p24, @p25, @p26, @p27, @p28, @p29)
      RETURNING "ComputedCategory", "ComputedPriority";
info: Microsoft.EntityFrameworkCore.Database.Command[20101]
      Executed DbCommand (0ms) [Parameters=[@commentDto_AuthorEmail='?' (Size = 18)], CommandType='Text', CommandTimeout='30']
      SELECT "a"."Id", "a"."AccessFailedCount", "a"."Code", "a"."ConcurrencyStamp", "a"."Discriminator", "a"."Email", "a"."EmailConfirmed", "a"."FirstName", "a"."Language", "a"."LastName", "a"."LockoutEnabled", "a"."LockoutEnd", "a"."NormalizedEmail", "a"."NormalizedUserName", "a"."PasswordHash", "a"."Phone", "a"."PhoneNumber", "a"."PhoneNumberConfirmed", "a"."Region", "a"."SecurityStamp", "a"."StakeholderProjectId", "a"."TwoFactorEnabled", "a"."UserName", "a"."DepartmentId", "a"."Level", "a"."MaxCapacityPoints", "a"."ProfilePicturePath", "a"."ResourceProjectId", "a"."Specializations", "a"."Team"
      FROM "AspNetUsers" AS "a"
      WHERE "a"."Email" = @commentDto_AuthorEmail
      LIMIT 1
info: Microsoft.EntityFrameworkCore.Database.Command[20101]
      Executed DbCommand (0ms) [Parameters=[@commentDto_AuthorEmail='?' (Size = 21)], CommandType='Text', CommandTimeout='30']
      SELECT "a"."Id", "a"."AccessFailedCount", "a"."Code", "a"."ConcurrencyStamp", "a"."Discriminator", "a"."Email", "a"."EmailConfirmed", "a"."FirstName", "a"."Language", "a"."LastName", "a"."LockoutEnabled", "a"."LockoutEnd", "a"."NormalizedEmail", "a"."NormalizedUserName", "a"."PasswordHash", "a"."Phone", "a"."PhoneNumber", "a"."PhoneNumberConfirmed", "a"."Region", "a"."SecurityStamp", "a"."StakeholderProjectId", "a"."TwoFactorEnabled", "a"."UserName", "a"."DepartmentId", "a"."Level", "a"."MaxCapacityPoints", "a"."ProfilePicturePath", "a"."ResourceProjectId", "a"."Specializations", "a"."Team"
      FROM "AspNetUsers" AS "a"
      WHERE "a"."Email" = @commentDto_AuthorEmail
      LIMIT 1
info: Microsoft.EntityFrameworkCore.Database.Command[20101]
      Executed DbCommand (0ms) [Parameters=[@p0='?' (DbType = Guid), @p1='?' (Size = 36), @p2='?' (Size = 105), @p3='?' (DbType = DateTime), @p4='?' (DbType = Boolean), @p5='?' (DbType = Guid)], CommandType='Text', CommandTimeout='30']
      INSERT INTO "TicketComments" ("Id", "AuthorId", "Body", "CreatedAt", "IsInternal", "TicketId")
      VALUES (@p0, @p1, @p2, @p3, @p4, @p5);
info: Microsoft.EntityFrameworkCore.Database.Command[20101]
      Executed DbCommand (0ms) [Parameters=[@p0='?' (DbType = Guid), @p1='?' (Size = 36), @p2='?' (Size = 147), @p3='?' (DbType = DateTime), @p4='?' (DbType = Boolean), @p5='?' (DbType = Guid)], CommandType='Text', CommandTimeout='30']
      INSERT INTO "TicketComments" ("Id", "AuthorId", "Body", "CreatedAt", "IsInternal", "TicketId")
      VALUES (@p0, @p1, @p2, @p3, @p4, @p5);
info: Microsoft.EntityFrameworkCore.Database.Command[20101]
      Executed DbCommand (0ms) [Parameters=[], CommandType='Text', CommandTimeout='30']
      SELECT COUNT(*)
      FROM "KnowledgeBaseArticles" AS "k"
Skipping seed strategy (already seeded): KnowledgeBaseSeedStrategy
========== DATABASE SEEDING COMPLETED ==========
info: TicketMasala.Web.Data.DbSeeder[0]
      ========== DATABASE SEEDING COMPLETED ==========
info: Program[0]
      Masala database check completed
info: TicketMasala.Web.Engine.Compiler.RuleCompilerService[0]
      Compiling rules for hot reload...
info: TicketMasala.Web.Engine.Compiler.RuleCompilerService[0]
      Successfully swapped 0 compiled rule delegates in 0ms.
info: TicketMasala.Web.Engine.GERDA.Configuration.DomainConfigurationService[0]
      Loaded domain configuration version 2fd9a8497e09ddf0f57f4c3bcfeb969fd511294131634dce7a0cd83c829f18cf with 3 domains
info: TicketMasala.Web.Engine.GERDA.Configuration.DomainConfigurationService[0]
      File watcher enabled for /home/juan/Projects/garamatic/ticket-masala/src/TicketMasala.Web/../../config/masala_domains.yaml
info: Program[0]
      Strategy factory not registered; skipping validation.
Seed-only mode completed. Exiting.
Using SQLite Provider with connection: Data Source=app.db
